GEO.id,GEO.id2,GEO.display-label,HD01_VD01,HD02_VD01
Id,Id2,Geography,Estimate; Median household income in the past 12 months (in 2016 inflation-adjusted dollars),Margin of Error; Median household income in the past 12 months (in 2016 inflation-adjusted dollars)
0400000US06,06,California,63783,188
0500000US06075,06075,"San Francisco County, California",87701,1447
8600000US89010,89010,ZCTA5 89010,42250,16704
8600000US89019,89019,ZCTA5 89019,37344,15580
8600000US89046,89046,ZCTA5 89046,28889,6562
8600000US89060,89060,ZCTA5 89060,36617,6783
8600000US89061,89061,ZCTA5 89061,57480,8093
8600000US89439,89439,ZCTA5 89439,61071,25188
8600000US90001,90001,ZCTA5 90001,34323,1369
8600000US90002,90002,ZCTA5 90002,32520,2461
8600000US90003,90003,ZCTA5 90003,31878,1140
8600000US90004,90004,ZCTA5 90004,43180,2040
8600000US90005,90005,ZCTA5 90005,31485,862
8600000US90006,90006,ZCTA5 90006,31993,694
8600000US90007,90007,ZCTA5 90007,22485,1404
8600000US90008,90008,ZCTA5 90008,36134,3398
8600000US90010,90010,ZCTA5 90010,47569,12828
8600000US90011,90011,ZCTA5 90011,31684,827
8600000US90012,90012,ZCTA5 90012,32712,4522
8600000US90013,90013,ZCTA5 90013,22058,4074
8600000US90014,90014,ZCTA5 90014,23580,5613
8600000US90015,90015,ZCTA5 90015,30463,3416
8600000US90016,90016,ZCTA5 90016,41140,2273
8600000US90017,90017,ZCTA5 90017,25143,1932
8600000US90018,90018,ZCTA5 90018,35696,1643
8600000US90019,90019,ZCTA5 90019,47518,2788
8600000US90020,90020,ZCTA5 90020,40353,2242
8600000US90021,90021,ZCTA5 90021,12370,1430
8600000US90022,90022,ZCTA5 90022,40650,1629
8600000US90023,90023,ZCTA5 90023,37472,2498
8600000US90024,90024,ZCTA5 90024,57210,4979
8600000US90025,90025,ZCTA5 90025,72653,4246
8600000US90026,90026,ZCTA5 90026,51568,2692
8600000US90027,90027,ZCTA5 90027,52922,2517
8600000US90028,90028,ZCTA5 90028,35729,2510
8600000US90029,90029,ZCTA5 90029,35132,2306
8600000US90031,90031,ZCTA5 90031,36801,2528
8600000US90032,90032,ZCTA5 90032,45218,2447
8600000US90033,90033,ZCTA5 90033,29499,1638
8600000US90034,90034,ZCTA5 90034,60965,1937
8600000US90035,90035,ZCTA5 90035,74667,5546
8600000US90036,90036,ZCTA5 90036,71917,2976
8600000US90037,90037,ZCTA5 90037,27129,1486
8600000US90038,90038,ZCTA5 90038,35739,2759
8600000US90039,90039,ZCTA5 90039,77361,5650
8600000US90040,90040,ZCTA5 90040,41897,3663
8600000US90041,90041,ZCTA5 90041,68457,7702
8600000US90042,90042,ZCTA5 90042,51444,1616
8600000US90043,90043,ZCTA5 90043,41449,2852
8600000US90044,90044,ZCTA5 90044,30288,1052
8600000US90045,90045,ZCTA5 90045,81058,4427
8600000US90046,90046,ZCTA5 90046,61157,2971
8600000US90047,90047,ZCTA5 90047,40913,2962
8600000US90048,90048,ZCTA5 90048,83672,5798
8600000US90049,90049,ZCTA5 90049,117007,7824
8600000US90056,90056,ZCTA5 90056,74959,16113
8600000US90057,90057,ZCTA5 90057,29332,1708
8600000US90058,90058,ZCTA5 90058,15224,2947
8600000US90059,90059,ZCTA5 90059,35061,2654
8600000US90061,90061,ZCTA5 90061,36094,3781
8600000US90062,90062,ZCTA5 90062,37293,3166
8600000US90063,90063,ZCTA5 90063,41267,1735
8600000US90064,90064,ZCTA5 90064,92626,5326
8600000US90065,90065,ZCTA5 90065,54796,2891
8600000US90066,90066,ZCTA5 90066,72004,2465
8600000US90067,90067,ZCTA5 90067,120208,30762
8600000US90068,90068,ZCTA5 90068,76485,7313
8600000US90069,90069,ZCTA5 90069,82237,6372
8600000US90071,90071,ZCTA5 90071,-,**
8600000US90073,90073,ZCTA5 90073,-,**
8600000US90077,90077,ZCTA5 90077,178194,31017
8600000US90079,90079,ZCTA5 90079,-,**
8600000US90089,90089,ZCTA5 90089,-,**
8600000US90090,90090,ZCTA5 90090,-,**
8600000US90094,90094,ZCTA5 90094,121087,19999
8600000US90095,90095,ZCTA5 90095,-,**
8600000US90201,90201,ZCTA5 90201,38244,1242
8600000US90210,90210,ZCTA5 90210,146250,14223
8600000US90211,90211,ZCTA5 90211,73659,7336
8600000US90212,90212,ZCTA5 90212,100183,13739
8600000US90220,90220,ZCTA5 90220,50938,3132
8600000US90221,90221,ZCTA5 90221,43304,2104
8600000US90222,90222,ZCTA5 90222,37730,4462
8600000US90230,90230,ZCTA5 90230,73469,4262
8600000US90232,90232,ZCTA5 90232,80222,7646
8600000US90240,90240,ZCTA5 90240,76748,2420
8600000US90241,90241,ZCTA5 90241,61151,3912
8600000US90242,90242,ZCTA5 90242,60732,3882
8600000US90245,90245,ZCTA5 90245,91623,6575
8600000US90247,90247,ZCTA5 90247,44824,2361
8600000US90248,90248,ZCTA5 90248,55368,3739
8600000US90249,90249,ZCTA5 90249,53783,4217
8600000US90250,90250,ZCTA5 90250,47076,1350
8600000US90254,90254,ZCTA5 90254,121345,11438
8600000US90255,90255,ZCTA5 90255,37108,1525
8600000US90260,90260,ZCTA5 90260,55666,4625
8600000US90262,90262,ZCTA5 90262,43952,2497
8600000US90263,90263,ZCTA5 90263,-,**
8600000US90265,90265,ZCTA5 90265,126227,14107
8600000US90266,90266,ZCTA5 90266,144868,9758
8600000US90270,90270,ZCTA5 90270,36717,2077
8600000US90272,90272,ZCTA5 90272,168225,19308
8600000US90274,90274,ZCTA5 90274,158673,15088
8600000US90275,90275,ZCTA5 90275,120553,5717
8600000US90277,90277,ZCTA5 90277,99358,5187
8600000US90278,90278,ZCTA5 90278,106102,5421
8600000US90280,90280,ZCTA5 90280,45522,1729
8600000US90290,90290,ZCTA5 90290,104392,24891
8600000US90291,90291,ZCTA5 90291,82467,4000
8600000US90292,90292,ZCTA5 90292,100842,5429
8600000US90293,90293,ZCTA5 90293,85561,8465
8600000US90301,90301,ZCTA5 90301,40799,1552
8600000US90302,90302,ZCTA5 90302,43494,2263
8600000US90303,90303,ZCTA5 90303,40632,3331
8600000US90304,90304,ZCTA5 90304,38374,3023
8600000US90305,90305,ZCTA5 90305,66114,4687
8600000US90401,90401,ZCTA5 90401,67022,11107
8600000US90402,90402,ZCTA5 90402,140612,16937
8600000US90403,90403,ZCTA5 90403,85870,6900
8600000US90404,90404,ZCTA5 90404,73042,4547
8600000US90405,90405,ZCTA5 90405,83034,7479
8600000US90501,90501,ZCTA5 90501,62590,3523
8600000US90502,90502,ZCTA5 90502,67225,6301
8600000US90503,90503,ZCTA5 90503,78290,6288
8600000US90504,90504,ZCTA5 90504,75036,4853
8600000US90505,90505,ZCTA5 90505,84450,3806
8600000US90506,90506,ZCTA5 90506,-,**
8600000US90601,90601,ZCTA5 90601,69011,4211
8600000US90602,90602,ZCTA5 90602,49946,3859
8600000US90603,90603,ZCTA5 90603,92982,6522
8600000US90604,90604,ZCTA5 90604,64653,2426
8600000US90605,90605,ZCTA5 90605,67019,3839
8600000US90606,90606,ZCTA5 90606,63189,4826
8600000US90620,90620,ZCTA5 90620,83524,3257
8600000US90621,90621,ZCTA5 90621,54670,4397
8600000US90623,90623,ZCTA5 90623,83857,4864
8600000US90630,90630,ZCTA5 90630,84421,3682
8600000US90631,90631,ZCTA5 90631,69425,3130
8600000US90638,90638,ZCTA5 90638,81013,3092
8600000US90640,90640,ZCTA5 90640,47598,2184
8600000US90650,90650,ZCTA5 90650,61050,1096
8600000US90660,90660,ZCTA5 90660,57166,3449
8600000US90670,90670,ZCTA5 90670,61071,9140
8600000US90680,90680,ZCTA5 90680,50293,2978
8600000US90701,90701,ZCTA5 90701,58849,7937
8600000US90703,90703,ZCTA5 90703,94752,4712
8600000US90704,90704,ZCTA5 90704,61905,9351
8600000US90706,90706,ZCTA5 90706,50704,1721
8600000US90710,90710,ZCTA5 90710,55176,3615
8600000US90712,90712,ZCTA5 90712,84109,5326
8600000US90713,90713,ZCTA5 90713,89171,3895
8600000US90715,90715,ZCTA5 90715,66239,5221
8600000US90716,90716,ZCTA5 90716,35778,5026
8600000US90717,90717,ZCTA5 90717,59791,4374
8600000US90720,90720,ZCTA5 90720,96290,6577
8600000US90723,90723,ZCTA5 90723,46364,2284
8600000US90731,90731,ZCTA5 90731,48697,2382
8600000US90732,90732,ZCTA5 90732,86594,6810
8600000US90740,90740,ZCTA5 90740,59875,5103
8600000US90742,90742,ZCTA5 90742,76667,7547
8600000US90743,90743,ZCTA5 90743,109028,75007
8600000US90744,90744,ZCTA5 90744,42112,2580
8600000US90745,90745,ZCTA5 90745,71813,2238
8600000US90746,90746,ZCTA5 90746,80175,5768
8600000US90747,90747,ZCTA5 90747,-,**
8600000US90755,90755,ZCTA5 90755,70357,7904
8600000US90802,90802,ZCTA5 90802,45689,3316
8600000US90803,90803,ZCTA5 90803,78406,5747
8600000US90804,90804,ZCTA5 90804,46790,2016
8600000US90805,90805,ZCTA5 90805,45878,2547
8600000US90806,90806,ZCTA5 90806,47034,2781
8600000US90807,90807,ZCTA5 90807,72401,3414
8600000US90808,90808,ZCTA5 90808,97500,5442
8600000US90810,90810,ZCTA5 90810,51271,3274
8600000US90813,90813,ZCTA5 90813,31775,1601
8600000US90814,90814,ZCTA5 90814,61093,4332
8600000US90815,90815,ZCTA5 90815,79809,3224
8600000US90822,90822,ZCTA5 90822,-,**
8600000US90831,90831,ZCTA5 90831,-,**
8600000US91001,91001,ZCTA5 91001,89906,5071
8600000US91006,91006,ZCTA5 91006,90829,8330
8600000US91007,91007,ZCTA5 91007,75353,5081
8600000US91008,91008,ZCTA5 91008,102917,20866
8600000US91010,91010,ZCTA5 91010,63090,4533
8600000US91011,91011,ZCTA5 91011,158281,10355
8600000US91016,91016,ZCTA5 91016,67868,4164
8600000US91020,91020,ZCTA5 91020,70014,9114
8600000US91024,91024,ZCTA5 91024,95256,8174
8600000US91030,91030,ZCTA5 91030,84683,6895
8600000US91040,91040,ZCTA5 91040,70841,7300
8600000US91042,91042,ZCTA5 91042,51461,5780
8600000US91046,91046,ZCTA5 91046,20417,5633
8600000US91101,91101,ZCTA5 91101,61473,3795
8600000US91103,91103,ZCTA5 91103,62697,5970
8600000US91104,91104,ZCTA5 91104,70208,4945
8600000US91105,91105,ZCTA5 91105,107284,13897
8600000US91106,91106,ZCTA5 91106,75160,4048
8600000US91107,91107,ZCTA5 91107,84663,6412
8600000US91108,91108,ZCTA5 91108,141739,15139
8600000US91201,91201,ZCTA5 91201,54603,4922
8600000US91202,91202,ZCTA5 91202,62104,4030
8600000US91203,91203,ZCTA5 91203,48849,6435
8600000US91204,91204,ZCTA5 91204,41586,3296
8600000US91205,91205,ZCTA5 91205,38138,2194
8600000US91206,91206,ZCTA5 91206,53911,6436
8600000US91207,91207,ZCTA5 91207,86190,11402
8600000US91208,91208,ZCTA5 91208,111563,8659
8600000US91210,91210,ZCTA5 91210,160132,81747
8600000US91214,91214,ZCTA5 91214,91255,4668
8600000US91301,91301,ZCTA5 91301,115125,6370
8600000US91302,91302,ZCTA5 91302,120288,8450
8600000US91303,91303,ZCTA5 91303,48238,4050
8600000US91304,91304,ZCTA5 91304,62690,2638
8600000US91306,91306,ZCTA5 91306,62748,2304
8600000US91307,91307,ZCTA5 91307,103161,3422
8600000US91311,91311,ZCTA5 91311,80792,3243
8600000US91316,91316,ZCTA5 91316,66128,7444
8600000US91320,91320,ZCTA5 91320,109810,5828
8600000US91321,91321,ZCTA5 91321,62237,6538
8600000US91324,91324,ZCTA5 91324,63368,5091
8600000US91325,91325,ZCTA5 91325,60593,2670
8600000US91326,91326,ZCTA5 91326,101656,2510
8600000US91330,91330,ZCTA5 91330,-,**
8600000US91331,91331,ZCTA5 91331,53714,2161
8600000US91335,91335,ZCTA5 91335,51263,1896
8600000US91340,91340,ZCTA5 91340,55463,3742
8600000US91342,91342,ZCTA5 91342,63895,2824
8600000US91343,91343,ZCTA5 91343,58285,2822
8600000US91344,91344,ZCTA5 91344,81335,2644
8600000US91345,91345,ZCTA5 91345,65818,5950
8600000US91350,91350,ZCTA5 91350,101695,3614
8600000US91351,91351,ZCTA5 91351,70663,4703
8600000US91352,91352,ZCTA5 91352,51047,2191
8600000US91354,91354,ZCTA5 91354,116009,6156
8600000US91355,91355,ZCTA5 91355,89889,6267
8600000US91356,91356,ZCTA5 91356,68817,3666
8600000US91360,91360,ZCTA5 91360,90459,4993
8600000US91361,91361,ZCTA5 91361,109966,7929
8600000US91362,91362,ZCTA5 91362,103894,4152
8600000US91364,91364,ZCTA5 91364,96635,7121
8600000US91367,91367,ZCTA5 91367,80751,5492
8600000US91371,91371,ZCTA5 91371,-,**
8600000US91377,91377,ZCTA5 91377,121348,10263
8600000US91381,91381,ZCTA5 91381,117835,9142
8600000US91384,91384,ZCTA5 91384,102744,5316
8600000US91387,91387,ZCTA5 91387,84930,4514
8600000US91390,91390,ZCTA5 91390,108391,5644
8600000US91401,91401,ZCTA5 91401,49153,3574
8600000US91402,91402,ZCTA5 91402,39095,1769
8600000US91403,91403,ZCTA5 91403,83241,4176
8600000US91405,91405,ZCTA5 91405,39472,1880
8600000US91406,91406,ZCTA5 91406,49764,2833
8600000US91411,91411,ZCTA5 91411,47126,3961
8600000US91423,91423,ZCTA5 91423,81753,5802
8600000US91436,91436,ZCTA5 91436,137683,12951
8600000US91501,91501,ZCTA5 91501,61048,9065
8600000US91502,91502,ZCTA5 91502,40083,8219
8600000US91504,91504,ZCTA5 91504,74006,6132
8600000US91505,91505,ZCTA5 91505,80389,3788
8600000US91506,91506,ZCTA5 91506,73661,5334
8600000US91601,91601,ZCTA5 91601,50275,2113
8600000US91602,91602,ZCTA5 91602,72417,6822
8600000US91604,91604,ZCTA5 91604,94583,6436
8600000US91605,91605,ZCTA5 91605,44913,2381
8600000US91606,91606,ZCTA5 91606,42273,2318
8600000US91607,91607,ZCTA5 91607,56096,3726
8600000US91608,91608,ZCTA5 91608,-,**
8600000US91701,91701,ZCTA5 91701,83426,5757
8600000US91702,91702,ZCTA5 91702,59027,3256
8600000US91706,91706,ZCTA5 91706,53693,1636
8600000US91708,91708,ZCTA5 91708,82833,25269
8600000US91709,91709,ZCTA5 91709,97222,4426
8600000US91710,91710,ZCTA5 91710,72969,2213
8600000US91711,91711,ZCTA5 91711,94509,7940
8600000US91722,91722,ZCTA5 91722,69708,4928
8600000US91723,91723,ZCTA5 91723,60053,6117
8600000US91724,91724,ZCTA5 91724,80797,7335
8600000US91730,91730,ZCTA5 91730,63567,2538
8600000US91731,91731,ZCTA5 91731,34554,2492
8600000US91732,91732,ZCTA5 91732,44421,2246
8600000US91733,91733,ZCTA5 91733,40841,1714
8600000US91737,91737,ZCTA5 91737,99333,5118
8600000US91739,91739,ZCTA5 91739,100336,9389
8600000US91740,91740,ZCTA5 91740,68487,3186
8600000US91741,91741,ZCTA5 91741,88612,4654
8600000US91744,91744,ZCTA5 91744,60784,1753
8600000US91745,91745,ZCTA5 91745,79280,3860
8600000US91746,91746,ZCTA5 91746,61357,2981
8600000US91748,91748,ZCTA5 91748,61740,2694
8600000US91750,91750,ZCTA5 91750,78375,4711
8600000US91752,91752,ZCTA5 91752,64960,5356
8600000US91754,91754,ZCTA5 91754,58833,5815
8600000US91755,91755,ZCTA5 91755,48350,3878
8600000US91759,91759,ZCTA5 91759,56250,28660
8600000US91761,91761,ZCTA5 91761,65154,2599
8600000US91762,91762,ZCTA5 91762,50309,1944
8600000US91763,91763,ZCTA5 91763,50573,3921
8600000US91764,91764,ZCTA5 91764,50728,1455
8600000US91765,91765,ZCTA5 91765,90690,5628
8600000US91766,91766,ZCTA5 91766,50412,1817
8600000US91767,91767,ZCTA5 91767,52184,3393
8600000US91768,91768,ZCTA5 91768,46964,3853
8600000US91770,91770,ZCTA5 91770,46862,2717
8600000US91773,91773,ZCTA5 91773,78799,4974
8600000US91775,91775,ZCTA5 91775,79637,3677
8600000US91776,91776,ZCTA5 91776,49443,2916
8600000US91780,91780,ZCTA5 91780,62461,3958
8600000US91784,91784,ZCTA5 91784,102209,6267
8600000US91786,91786,ZCTA5 91786,51651,2147
8600000US91789,91789,ZCTA5 91789,93231,3587
8600000US91790,91790,ZCTA5 91790,72746,2569
8600000US91791,91791,ZCTA5 91791,73917,5609
8600000US91792,91792,ZCTA5 91792,67843,3858
8600000US91801,91801,ZCTA5 91801,51867,1931
8600000US91803,91803,ZCTA5 91803,57380,4462
8600000US91901,91901,ZCTA5 91901,81603,13372
8600000US91902,91902,ZCTA5 91902,90184,8400
8600000US91905,91905,ZCTA5 91905,31051,18079
8600000US91906,91906,ZCTA5 91906,49000,13399
8600000US91910,91910,ZCTA5 91910,55492,2743
8600000US91911,91911,ZCTA5 91911,51383,1874
8600000US91913,91913,ZCTA5 91913,83693,6204
8600000US91914,91914,ZCTA5 91914,124578,7047
8600000US91915,91915,ZCTA5 91915,104170,6753
8600000US91916,91916,ZCTA5 91916,84076,24159
8600000US91917,91917,ZCTA5 91917,76065,39471
8600000US91931,91931,ZCTA5 91931,24083,14181
8600000US91932,91932,ZCTA5 91932,48010,1975
8600000US91934,91934,ZCTA5 91934,25354,13019
8600000US91935,91935,ZCTA5 91935,100976,10855
8600000US91941,91941,ZCTA5 91941,71197,3284
8600000US91942,91942,ZCTA5 91942,55753,3194
8600000US91945,91945,ZCTA5 91945,59025,3337
8600000US91948,91948,ZCTA5 91948,-,**
8600000US91950,91950,ZCTA5 91950,41867,1768
8600000US91962,91962,ZCTA5 91962,100302,36199
8600000US91963,91963,ZCTA5 91963,42563,34728
8600000US91977,91977,ZCTA5 91977,58937,2260
8600000US91978,91978,ZCTA5 91978,61508,5351
8600000US91980,91980,ZCTA5 91980,-,**
8600000US92003,92003,ZCTA5 92003,71128,6796
8600000US92004,92004,ZCTA5 92004,33487,14997
8600000US92007,92007,ZCTA5 92007,98264,17756
8600000US92008,92008,ZCTA5 92008,77802,5488
8600000US92009,92009,ZCTA5 92009,112189,6579
8600000US92010,92010,ZCTA5 92010,97770,7731
8600000US92011,92011,ZCTA5 92011,105049,5394
8600000US92014,92014,ZCTA5 92014,120882,17310
8600000US92019,92019,ZCTA5 92019,74400,4324
8600000US92020,92020,ZCTA5 92020,50617,2045
8600000US92021,92021,ZCTA5 92021,48569,2686
8600000US92024,92024,ZCTA5 92024,101096,5789
8600000US92025,92025,ZCTA5 92025,50774,2336
8600000US92026,92026,ZCTA5 92026,59539,2901
8600000US92027,92027,ZCTA5 92027,56250,3382
8600000US92028,92028,ZCTA5 92028,60196,2953
8600000US92029,92029,ZCTA5 92029,86250,7765
8600000US92036,92036,ZCTA5 92036,45156,8920
8600000US92037,92037,ZCTA5 92037,102297,4866
8600000US92040,92040,ZCTA5 92040,66960,3676
8600000US92054,92054,ZCTA5 92054,53519,2370
8600000US92055,92055,ZCTA5 92055,-,**
8600000US92056,92056,ZCTA5 92056,63109,2979
8600000US92057,92057,ZCTA5 92057,63473,3065
8600000US92058,92058,ZCTA5 92058,43855,4274
8600000US92059,92059,ZCTA5 92059,66288,17145
8600000US92060,92060,ZCTA5 92060,-,**
8600000US92061,92061,ZCTA5 92061,52500,42579
8600000US92064,92064,ZCTA5 92064,98942,5229
8600000US92065,92065,ZCTA5 92065,79169,4143
8600000US92066,92066,ZCTA5 92066,51023,23885
8600000US92067,92067,ZCTA5 92067,133355,46317
8600000US92069,92069,ZCTA5 92069,59770,2372
8600000US92070,92070,ZCTA5 92070,43447,4301
8600000US92071,92071,ZCTA5 92071,77712,3388
8600000US92075,92075,ZCTA5 92075,99688,13278
8600000US92078,92078,ZCTA5 92078,65686,3355
8600000US92081,92081,ZCTA5 92081,60682,3592
8600000US92082,92082,ZCTA5 92082,76530,10969
8600000US92083,92083,ZCTA5 92083,52123,1646
8600000US92084,92084,ZCTA5 92084,56501,2504
8600000US92086,92086,ZCTA5 92086,37083,7527
8600000US92091,92091,ZCTA5 92091,145705,18766
8600000US92101,92101,ZCTA5 92101,57209,4795
8600000US92102,92102,ZCTA5 92102,42464,2824
8600000US92103,92103,ZCTA5 92103,72200,4382
8600000US92104,92104,ZCTA5 92104,52029,2607
8600000US92105,92105,ZCTA5 92105,37908,1909
8600000US92106,92106,ZCTA5 92106,83288,9017
8600000US92107,92107,ZCTA5 92107,73088,5300
8600000US92108,92108,ZCTA5 92108,65586,4617
8600000US92109,92109,ZCTA5 92109,71098,2214
8600000US92110,92110,ZCTA5 92110,61310,3604
8600000US92111,92111,ZCTA5 92111,60134,3870
8600000US92113,92113,ZCTA5 92113,31001,1654
8600000US92114,92114,ZCTA5 92114,58036,3002
8600000US92115,92115,ZCTA5 92115,46994,2242
8600000US92116,92116,ZCTA5 92116,60362,3168
8600000US92117,92117,ZCTA5 92117,66297,4890
8600000US92118,92118,ZCTA5 92118,92413,4915
8600000US92119,92119,ZCTA5 92119,74507,3311
8600000US92120,92120,ZCTA5 92120,85275,4877
8600000US92121,92121,ZCTA5 92121,101906,9700
8600000US92122,92122,ZCTA5 92122,73756,8791
8600000US92123,92123,ZCTA5 92123,72245,3716
8600000US92124,92124,ZCTA5 92124,82037,3877
8600000US92126,92126,ZCTA5 92126,90006,3008
8600000US92127,92127,ZCTA5 92127,117150,11714
8600000US92128,92128,ZCTA5 92128,96026,4637
8600000US92129,92129,ZCTA5 92129,115260,6940
8600000US92130,92130,ZCTA5 92130,136855,6695
8600000US92131,92131,ZCTA5 92131,120584,6384
8600000US92132,92132,ZCTA5 92132,-,**
8600000US92134,92134,ZCTA5 92134,-,**
8600000US92135,92135,ZCTA5 92135,-,**
8600000US92139,92139,ZCTA5 92139,57442,4150
8600000US92140,92140,ZCTA5 92140,-,**
8600000US92145,92145,ZCTA5 92145,202563,170382
8600000US92147,92147,ZCTA5 92147,-,**
8600000US92154,92154,ZCTA5 92154,61618,2500
8600000US92155,92155,ZCTA5 92155,-,**
8600000US92173,92173,ZCTA5 92173,37166,2343
8600000US92201,92201,ZCTA5 92201,42453,1905
8600000US92203,92203,ZCTA5 92203,65947,5216
8600000US92210,92210,ZCTA5 92210,96201,11945
8600000US92211,92211,ZCTA5 92211,58274,4942
8600000US92220,92220,ZCTA5 92220,40907,2346
8600000US92222,92222,ZCTA5 92222,-,**
8600000US92223,92223,ZCTA5 92223,65766,2508
8600000US92225,92225,ZCTA5 92225,39314,3116
8600000US92227,92227,ZCTA5 92227,41611,3808
8600000US92230,92230,ZCTA5 92230,34018,5286
8600000US92231,92231,ZCTA5 92231,34379,3569
8600000US92233,92233,ZCTA5 92233,35208,7383
8600000US92234,92234,ZCTA5 92234,41743,1992
8600000US92236,92236,ZCTA5 92236,36300,2235
8600000US92239,92239,ZCTA5 92239,57768,49710
8600000US92240,92240,ZCTA5 92240,35393,1812
8600000US92241,92241,ZCTA5 92241,32629,4552
8600000US92242,92242,ZCTA5 92242,29911,2885
8600000US92243,92243,ZCTA5 92243,42476,3406
8600000US92249,92249,ZCTA5 92249,52886,12054
8600000US92250,92250,ZCTA5 92250,36500,13787
8600000US92251,92251,ZCTA5 92251,82901,5970
8600000US92252,92252,ZCTA5 92252,35449,6672
8600000US92253,92253,ZCTA5 92253,72203,4912
8600000US92254,92254,ZCTA5 92254,27492,3946
8600000US92256,92256,ZCTA5 92256,35405,7063
8600000US92257,92257,ZCTA5 92257,18299,3313
8600000US92258,92258,ZCTA5 92258,-,**
8600000US92259,92259,ZCTA5 92259,31136,12617
8600000US92260,92260,ZCTA5 92260,51426,1794
8600000US92262,92262,ZCTA5 92262,46162,2861
8600000US92264,92264,ZCTA5 92264,45166,2788
8600000US92266,92266,ZCTA5 92266,25119,19054
8600000US92267,92267,ZCTA5 92267,-,**
8600000US92268,92268,ZCTA5 92268,37875,11212
8600000US92270,92270,ZCTA5 92270,66083,9011
8600000US92273,92273,ZCTA5 92273,25000,5877
8600000US92274,92274,ZCTA5 92274,28960,2462
8600000US92275,92275,ZCTA5 92275,30750,12401
8600000US92276,92276,ZCTA5 92276,43308,5625
8600000US92277,92277,ZCTA5 92277,37613,5032
8600000US92278,92278,ZCTA5 92278,65547,15019
8600000US92280,92280,ZCTA5 92280,-,**
8600000US92281,92281,ZCTA5 92281,33380,6849
8600000US92282,92282,ZCTA5 92282,35417,7479
8600000US92283,92283,ZCTA5 92283,29514,8776
8600000US92284,92284,ZCTA5 92284,40333,4312
8600000US92285,92285,ZCTA5 92285,30963,5937
8600000US92301,92301,ZCTA5 92301,29715,3642
8600000US92304,92304,ZCTA5 92304,-,**
8600000US92305,92305,ZCTA5 92305,38095,22717
8600000US92307,92307,ZCTA5 92307,55044,4174
8600000US92308,92308,ZCTA5 92308,42389,2676
8600000US92309,92309,ZCTA5 92309,37609,10501
8600000US92310,92310,ZCTA5 92310,49279,5113
8600000US92311,92311,ZCTA5 92311,42138,3907
8600000US92313,92313,ZCTA5 92313,64305,2717
8600000US92314,92314,ZCTA5 92314,50916,5749
8600000US92315,92315,ZCTA5 92315,47095,6595
8600000US92316,92316,ZCTA5 92316,50310,4233
8600000US92320,92320,ZCTA5 92320,45928,4658
8600000US92321,92321,ZCTA5 92321,70272,47392
8600000US92322,92322,ZCTA5 92322,35500,23863
8600000US92324,92324,ZCTA5 92324,45325,3514
8600000US92325,92325,ZCTA5 92325,50518,9973
8600000US92327,92327,ZCTA5 92327,35694,23101
8600000US92328,92328,ZCTA5 92328,31250,10704
8600000US92332,92332,ZCTA5 92332,-,**
8600000US92333,92333,ZCTA5 92333,27222,26064
8600000US92335,92335,ZCTA5 92335,43444,1671
8600000US92336,92336,ZCTA5 92336,85027,2593
8600000US92337,92337,ZCTA5 92337,72655,4184
8600000US92338,92338,ZCTA5 92338,-,**
8600000US92339,92339,ZCTA5 92339,62950,9927
8600000US92341,92341,ZCTA5 92341,-,**
8600000US92342,92342,ZCTA5 92342,70329,18184
8600000US92344,92344,ZCTA5 92344,72369,7656
8600000US92345,92345,ZCTA5 92345,43700,2937
8600000US92346,92346,ZCTA5 92346,60265,3568
8600000US92347,92347,ZCTA5 92347,49000,15870
8600000US92352,92352,ZCTA5 92352,68229,11875
8600000US92354,92354,ZCTA5 92354,57610,8837
8600000US92356,92356,ZCTA5 92356,31821,7319
8600000US92358,92358,ZCTA5 92358,49861,22632
8600000US92359,92359,ZCTA5 92359,54437,3666
8600000US92363,92363,ZCTA5 92363,33520,4223
8600000US92364,92364,ZCTA5 92364,-,**
8600000US92365,92365,ZCTA5 92365,58031,6067
8600000US92368,92368,ZCTA5 92368,33618,10042
8600000US92371,92371,ZCTA5 92371,50980,4027
8600000US92372,92372,ZCTA5 92372,53306,14877
8600000US92373,92373,ZCTA5 92373,61947,2734
8600000US92374,92374,ZCTA5 92374,66035,3652
8600000US92376,92376,ZCTA5 92376,47479,2034
8600000US92377,92377,ZCTA5 92377,74877,5345
8600000US92378,92378,ZCTA5 92378,72596,3201
8600000US92382,92382,ZCTA5 92382,61800,14702
8600000US92384,92384,ZCTA5 92384,-,**
8600000US92385,92385,ZCTA5 92385,48864,8387
8600000US92386,92386,ZCTA5 92386,29063,11687
8600000US92389,92389,ZCTA5 92389,-,**
8600000US92391,92391,ZCTA5 92391,50492,10032
8600000US92392,92392,ZCTA5 92392,56385,5402
8600000US92394,92394,ZCTA5 92394,46267,4485
8600000US92395,92395,ZCTA5 92395,40735,2663
8600000US92397,92397,ZCTA5 92397,59184,16697
8600000US92398,92398,ZCTA5 92398,39500,35457
8600000US92399,92399,ZCTA5 92399,56586,4045
8600000US92401,92401,ZCTA5 92401,16607,7091
8600000US92404,92404,ZCTA5 92404,39500,1724
8600000US92405,92405,ZCTA5 92405,37141,3024
8600000US92407,92407,ZCTA5 92407,54057,3092
8600000US92408,92408,ZCTA5 92408,33236,4635
8600000US92410,92410,ZCTA5 92410,26168,1787
8600000US92411,92411,ZCTA5 92411,34462,3012
8600000US92501,92501,ZCTA5 92501,52041,6059
8600000US92503,92503,ZCTA5 92503,58627,2556
8600000US92504,92504,ZCTA5 92504,58711,2597
8600000US92505,92505,ZCTA5 92505,59187,2377
8600000US92506,92506,ZCTA5 92506,81531,3407
8600000US92507,92507,ZCTA5 92507,42957,2003
8600000US92508,92508,ZCTA5 92508,101788,7873
8600000US92509,92509,ZCTA5 92509,60600,2954
8600000US92518,92518,ZCTA5 92518,69559,9857
8600000US92530,92530,ZCTA5 92530,49578,2465
8600000US92532,92532,ZCTA5 92532,82784,4650
8600000US92536,92536,ZCTA5 92536,51161,14913
8600000US92539,92539,ZCTA5 92539,35690,9839
8600000US92543,92543,ZCTA5 92543,28888,2200
8600000US92544,92544,ZCTA5 92544,44841,2224
8600000US92545,92545,ZCTA5 92545,43597,1852
8600000US92548,92548,ZCTA5 92548,38415,4670
8600000US92549,92549,ZCTA5 92549,59500,11362
8600000US92551,92551,ZCTA5 92551,52444,3393
8600000US92553,92553,ZCTA5 92553,45402,2117
8600000US92555,92555,ZCTA5 92555,75114,2815
8600000US92557,92557,ZCTA5 92557,64257,3442
8600000US92561,92561,ZCTA5 92561,78565,13777
8600000US92562,92562,ZCTA5 92562,77207,3141
8600000US92563,92563,ZCTA5 92563,82686,3943
8600000US92567,92567,ZCTA5 92567,56447,11864
8600000US92570,92570,ZCTA5 92570,46279,3192
8600000US92571,92571,ZCTA5 92571,53204,2657
8600000US92582,92582,ZCTA5 92582,60170,4586
8600000US92583,92583,ZCTA5 92583,40790,1927
8600000US92584,92584,ZCTA5 92584,79778,3183
8600000US92585,92585,ZCTA5 92585,62113,1879
8600000US92586,92586,ZCTA5 92586,34781,2093
8600000US92587,92587,ZCTA5 92587,69176,4741
8600000US92590,92590,ZCTA5 92590,61328,13182
8600000US92591,92591,ZCTA5 92591,75121,3957
8600000US92592,92592,ZCTA5 92592,93158,4642
8600000US92595,92595,ZCTA5 92595,64988,4612
8600000US92596,92596,ZCTA5 92596,89589,7039
8600000US92602,92602,ZCTA5 92602,105612,4143
8600000US92603,92603,ZCTA5 92603,114606,18374
8600000US92604,92604,ZCTA5 92604,94201,5117
8600000US92606,92606,ZCTA5 92606,91250,6312
8600000US92610,92610,ZCTA5 92610,121861,9376
8600000US92612,92612,ZCTA5 92612,74525,6972
8600000US92614,92614,ZCTA5 92614,92438,6043
8600000US92617,92617,ZCTA5 92617,40305,7058
8600000US92618,92618,ZCTA5 92618,100100,6929
8600000US92620,92620,ZCTA5 92620,98830,5000
8600000US92624,92624,ZCTA5 92624,82328,16275
8600000US92625,92625,ZCTA5 92625,135266,17186
8600000US92626,92626,ZCTA5 92626,80951,1979
8600000US92627,92627,ZCTA5 92627,62115,2869
8600000US92629,92629,ZCTA5 92629,84974,7308
8600000US92630,92630,ZCTA5 92630,82899,3945
8600000US92637,92637,ZCTA5 92637,39223,1665
8600000US92646,92646,ZCTA5 92646,91637,4233
8600000US92647,92647,ZCTA5 92647,73604,3105
8600000US92648,92648,ZCTA5 92648,89089,5368
8600000US92649,92649,ZCTA5 92649,90534,4645
8600000US92651,92651,ZCTA5 92651,103191,10361
8600000US92653,92653,ZCTA5 92653,94074,8999
8600000US92655,92655,ZCTA5 92655,43278,7157
8600000US92656,92656,ZCTA5 92656,102289,2891
8600000US92657,92657,ZCTA5 92657,195051,41170
8600000US92660,92660,ZCTA5 92660,117263,11197
8600000US92661,92661,ZCTA5 92661,102167,19035
8600000US92662,92662,ZCTA5 92662,97206,15352
8600000US92663,92663,ZCTA5 92663,94938,9073
8600000US92672,92672,ZCTA5 92672,75561,6012
8600000US92673,92673,ZCTA5 92673,136776,12446
8600000US92675,92675,ZCTA5 92675,80120,3362
8600000US92676,92676,ZCTA5 92676,100919,16061
8600000US92677,92677,ZCTA5 92677,97059,6072
8600000US92678,92678,ZCTA5 92678,82386,15669
8600000US92679,92679,ZCTA5 92679,153531,4869
8600000US92683,92683,ZCTA5 92683,55224,2416
8600000US92688,92688,ZCTA5 92688,99342,4161
8600000US92691,92691,ZCTA5 92691,100956,4747
8600000US92692,92692,ZCTA5 92692,106797,4280
8600000US92694,92694,ZCTA5 92694,145148,9891
8600000US92701,92701,ZCTA5 92701,39348,2214
8600000US92703,92703,ZCTA5 92703,50692,2075
8600000US92704,92704,ZCTA5 92704,60867,1974
8600000US92705,92705,ZCTA5 92705,87782,5881
8600000US92706,92706,ZCTA5 92706,58623,3658
8600000US92707,92707,ZCTA5 92707,61348,3090
8600000US92708,92708,ZCTA5 92708,83860,4848
8600000US92780,92780,ZCTA5 92780,66306,1530
8600000US92782,92782,ZCTA5 92782,100024,9273
8600000US92801,92801,ZCTA5 92801,50423,1986
8600000US92802,92802,ZCTA5 92802,51913,4471
8600000US92804,92804,ZCTA5 92804,53733,2417
8600000US92805,92805,ZCTA5 92805,56636,2086
8600000US92806,92806,ZCTA5 92806,64227,2945
8600000US92807,92807,ZCTA5 92807,99698,5808
8600000US92808,92808,ZCTA5 92808,113703,8735
8600000US92821,92821,ZCTA5 92821,82603,4150
8600000US92823,92823,ZCTA5 92823,132333,23375
8600000US92831,92831,ZCTA5 92831,61050,2025
8600000US92832,92832,ZCTA5 92832,58274,5455
8600000US92833,92833,ZCTA5 92833,67752,3568
8600000US92835,92835,ZCTA5 92835,94332,4929
8600000US92840,92840,ZCTA5 92840,62420,2411
8600000US92841,92841,ZCTA5 92841,55267,3458
8600000US92843,92843,ZCTA5 92843,53489,2406
8600000US92844,92844,ZCTA5 92844,50444,6085
8600000US92845,92845,ZCTA5 92845,94451,7333
8600000US92860,92860,ZCTA5 92860,87586,6399
8600000US92861,92861,ZCTA5 92861,131750,13576
8600000US92865,92865,ZCTA5 92865,89016,2940
8600000US92866,92866,ZCTA5 92866,65460,7476
8600000US92867,92867,ZCTA5 92867,82347,3886
8600000US92868,92868,ZCTA5 92868,61404,3966
8600000US92869,92869,ZCTA5 92869,91904,3917
8600000US92870,92870,ZCTA5 92870,81137,3593
8600000US92879,92879,ZCTA5 92879,61888,2769
8600000US92880,92880,ZCTA5 92880,97225,4432
8600000US92881,92881,ZCTA5 92881,92853,4938
8600000US92882,92882,ZCTA5 92882,68417,2901
8600000US92883,92883,ZCTA5 92883,93638,6217
8600000US92886,92886,ZCTA5 92886,112204,4196
8600000US92887,92887,ZCTA5 92887,129768,4089
8600000US93001,93001,ZCTA5 93001,61994,3753
8600000US93003,93003,ZCTA5 93003,71806,3253
8600000US93004,93004,ZCTA5 93004,76388,4657
8600000US93010,93010,ZCTA5 93010,87206,3631
8600000US93012,93012,ZCTA5 93012,95981,5260
8600000US93013,93013,ZCTA5 93013,73402,7518
8600000US93015,93015,ZCTA5 93015,56266,7185
8600000US93021,93021,ZCTA5 93021,100048,3124
8600000US93022,93022,ZCTA5 93022,74600,8714
8600000US93023,93023,ZCTA5 93023,70964,5793
8600000US93030,93030,ZCTA5 93030,58524,4349
8600000US93033,93033,ZCTA5 93033,55669,2408
8600000US93035,93035,ZCTA5 93035,79748,7741
8600000US93036,93036,ZCTA5 93036,62348,3009
8600000US93040,93040,ZCTA5 93040,46339,12888
8600000US93041,93041,ZCTA5 93041,58291,3832
8600000US93042,93042,ZCTA5 93042,-,**
8600000US93043,93043,ZCTA5 93043,-,**
8600000US93060,93060,ZCTA5 93060,52939,4261
8600000US93063,93063,ZCTA5 93063,85666,4318
8600000US93064,93064,ZCTA5 93064,-,**
8600000US93065,93065,ZCTA5 93065,94921,2587
8600000US93066,93066,ZCTA5 93066,92202,17822
8600000US93067,93067,ZCTA5 93067,70000,15192
8600000US93101,93101,ZCTA5 93101,53730,4051
8600000US93103,93103,ZCTA5 93103,71667,7666
8600000US93105,93105,ZCTA5 93105,89127,7434
8600000US93108,93108,ZCTA5 93108,131311,12041
8600000US93109,93109,ZCTA5 93109,96394,9521
8600000US93110,93110,ZCTA5 93110,78540,5387
8600000US93111,93111,ZCTA5 93111,102644,9140
8600000US93117,93117,ZCTA5 93117,60239,3587
8600000US93201,93201,ZCTA5 93201,31979,12197
8600000US93202,93202,ZCTA5 93202,43990,9151
8600000US93203,93203,ZCTA5 93203,37012,1632
8600000US93204,93204,ZCTA5 93204,35103,3926
8600000US93205,93205,ZCTA5 93205,26004,10464
8600000US93206,93206,ZCTA5 93206,40116,5889
8600000US93207,93207,ZCTA5 93207,38750,13888
8600000US93208,93208,ZCTA5 93208,150284,136324
8600000US93210,93210,ZCTA5 93210,51026,7538
8600000US93212,93212,ZCTA5 93212,35149,3485
8600000US93215,93215,ZCTA5 93215,36949,2433
8600000US93218,93218,ZCTA5 93218,30288,6892
8600000US93219,93219,ZCTA5 93219,23799,3530
8600000US93220,93220,ZCTA5 93220,-,**
8600000US93221,93221,ZCTA5 93221,48211,5660
8600000US93222,93222,ZCTA5 93222,41847,11752
8600000US93223,93223,ZCTA5 93223,33689,3528
8600000US93224,93224,ZCTA5 93224,50938,24391
8600000US93225,93225,ZCTA5 93225,39418,7980
8600000US93226,93226,ZCTA5 93226,36923,26648
8600000US93230,93230,ZCTA5 93230,51209,2637
8600000US93234,93234,ZCTA5 93234,26321,7827
8600000US93235,93235,ZCTA5 93235,31611,8519
8600000US93238,93238,ZCTA5 93238,58190,17498
8600000US93239,93239,ZCTA5 93239,-,**
8600000US93240,93240,ZCTA5 93240,30434,5336
8600000US93241,93241,ZCTA5 93241,32236,3374
8600000US93242,93242,ZCTA5 93242,40364,5934
8600000US93243,93243,ZCTA5 93243,-,**
8600000US93244,93244,ZCTA5 93244,47500,19438
8600000US93245,93245,ZCTA5 93245,50723,2739
8600000US93247,93247,ZCTA5 93247,34710,4407
8600000US93249,93249,ZCTA5 93249,32167,4621
8600000US93250,93250,ZCTA5 93250,35092,2383
8600000US93251,93251,ZCTA5 93251,43750,6814
8600000US93252,93252,ZCTA5 93252,36328,11784
8600000US93254,93254,ZCTA5 93254,43594,15938
8600000US93255,93255,ZCTA5 93255,24583,14932
8600000US93256,93256,ZCTA5 93256,28533,7277
8600000US93257,93257,ZCTA5 93257,39284,1787
8600000US93258,93258,ZCTA5 93258,21985,12085
8600000US93260,93260,ZCTA5 93260,35625,20749
8600000US93261,93261,ZCTA5 93261,29455,2700
8600000US93262,93262,ZCTA5 93262,-,**
8600000US93263,93263,ZCTA5 93263,40706,2348
8600000US93265,93265,ZCTA5 93265,58194,7151
8600000US93266,93266,ZCTA5 93266,30625,15192
8600000US93267,93267,ZCTA5 93267,35944,6173
8600000US93268,93268,ZCTA5 93268,44379,6345
8600000US93270,93270,ZCTA5 93270,36288,7582
8600000US93271,93271,ZCTA5 93271,58750,9993
8600000US93272,93272,ZCTA5 93272,35867,4472
8600000US93274,93274,ZCTA5 93274,46509,1568
8600000US93276,93276,ZCTA5 93276,35833,24941
8600000US93277,93277,ZCTA5 93277,52717,2514
8600000US93280,93280,ZCTA5 93280,39505,3689
8600000US93283,93283,ZCTA5 93283,30701,11962
8600000US93285,93285,ZCTA5 93285,42396,21683
8600000US93286,93286,ZCTA5 93286,40851,1928
8600000US93287,93287,ZCTA5 93287,66397,6989
8600000US93291,93291,ZCTA5 93291,48336,4284
8600000US93292,93292,ZCTA5 93292,50132,2267
8600000US93301,93301,ZCTA5 93301,33665,4764
8600000US93304,93304,ZCTA5 93304,34904,2549
8600000US93305,93305,ZCTA5 93305,29894,2067
8600000US93306,93306,ZCTA5 93306,52198,2280
8600000US93307,93307,ZCTA5 93307,34774,1701
8600000US93308,93308,ZCTA5 93308,43538,2350
8600000US93309,93309,ZCTA5 93309,48481,4078
8600000US93311,93311,ZCTA5 93311,89521,3052
8600000US93312,93312,ZCTA5 93312,92031,3793
8600000US93313,93313,ZCTA5 93313,69681,2896
8600000US93314,93314,ZCTA5 93314,103194,7555
8600000US93401,93401,ZCTA5 93401,56617,4042
8600000US93402,93402,ZCTA5 93402,69176,4708
8600000US93405,93405,ZCTA5 93405,43128,5515
8600000US93410,93410,ZCTA5 93410,-,**
8600000US93420,93420,ZCTA5 93420,73220,5467
8600000US93422,93422,ZCTA5 93422,71002,5485
8600000US93424,93424,ZCTA5 93424,83750,31477
8600000US93426,93426,ZCTA5 93426,66250,19287
8600000US93427,93427,ZCTA5 93427,71736,19353
8600000US93428,93428,ZCTA5 93428,59684,4999
8600000US93429,93429,ZCTA5 93429,71607,16311
8600000US93430,93430,ZCTA5 93430,57788,6883
8600000US93432,93432,ZCTA5 93432,82917,30705
8600000US93433,93433,ZCTA5 93433,58895,8034
8600000US93434,93434,ZCTA5 93434,41907,5864
8600000US93436,93436,ZCTA5 93436,53810,2694
8600000US93437,93437,ZCTA5 93437,62018,5570
8600000US93440,93440,ZCTA5 93440,60909,7788
8600000US93441,93441,ZCTA5 93441,95179,17305
8600000US93442,93442,ZCTA5 93442,54807,9037
8600000US93444,93444,ZCTA5 93444,75041,8146
8600000US93445,93445,ZCTA5 93445,54155,6007
8600000US93446,93446,ZCTA5 93446,66242,4053
8600000US93449,93449,ZCTA5 93449,75978,9206
8600000US93450,93450,ZCTA5 93450,42813,15910
8600000US93451,93451,ZCTA5 93451,60605,11866
8600000US93452,93452,ZCTA5 93452,77857,63216
8600000US93453,93453,ZCTA5 93453,50625,17890
8600000US93454,93454,ZCTA5 93454,53637,3239
8600000US93455,93455,ZCTA5 93455,74538,3286
8600000US93458,93458,ZCTA5 93458,45801,2729
8600000US93460,93460,ZCTA5 93460,90772,9635
8600000US93461,93461,ZCTA5 93461,58380,12838
8600000US93463,93463,ZCTA5 93463,71607,13256
8600000US93465,93465,ZCTA5 93465,75394,7054
8600000US93501,93501,ZCTA5 93501,34261,6652
8600000US93505,93505,ZCTA5 93505,48971,8305
8600000US93510,93510,ZCTA5 93510,91196,7572
8600000US93512,93512,ZCTA5 93512,38333,27543
8600000US93513,93513,ZCTA5 93513,54135,8784
8600000US93514,93514,ZCTA5 93514,51456,5292
8600000US93516,93516,ZCTA5 93516,29896,17029
8600000US93517,93517,ZCTA5 93517,51563,26748
8600000US93518,93518,ZCTA5 93518,24886,10127
8600000US93519,93519,ZCTA5 93519,-,**
8600000US93522,93522,ZCTA5 93522,-,**
8600000US93523,93523,ZCTA5 93523,54826,6719
8600000US93524,93524,ZCTA5 93524,-,**
8600000US93526,93526,ZCTA5 93526,55750,17290
8600000US93527,93527,ZCTA5 93527,54593,16236
8600000US93528,93528,ZCTA5 93528,-,**
8600000US93529,93529,ZCTA5 93529,50298,23670
8600000US93530,93530,ZCTA5 93530,-,**
8600000US93531,93531,ZCTA5 93531,72891,36799
8600000US93532,93532,ZCTA5 93532,58438,12582
8600000US93534,93534,ZCTA5 93534,36034,2577
8600000US93535,93535,ZCTA5 93535,42266,2282
8600000US93536,93536,ZCTA5 93536,71268,3441
8600000US93541,93541,ZCTA5 93541,91280,21095
8600000US93543,93543,ZCTA5 93543,44985,8815
8600000US93544,93544,ZCTA5 93544,46200,20640
8600000US93545,93545,ZCTA5 93545,36736,10193
8600000US93546,93546,ZCTA5 93546,62670,7819
8600000US93549,93549,ZCTA5 93549,68750,57524
8600000US93550,93550,ZCTA5 93550,36988,1314
8600000US93551,93551,ZCTA5 93551,84000,5005
8600000US93552,93552,ZCTA5 93552,56971,3020
8600000US93553,93553,ZCTA5 93553,54741,16571
8600000US93554,93554,ZCTA5 93554,26314,16082
8600000US93555,93555,ZCTA5 93555,60318,5938
8600000US93558,93558,ZCTA5 93558,25964,3063
8600000US93560,93560,ZCTA5 93560,59754,7738
8600000US93561,93561,ZCTA5 93561,63996,3055
8600000US93562,93562,ZCTA5 93562,38438,8984
8600000US93563,93563,ZCTA5 93563,74250,40227
8600000US93591,93591,ZCTA5 93591,41080,2605
8600000US93592,93592,ZCTA5 93592,-,**
8600000US93601,93601,ZCTA5 93601,58362,17509
8600000US93602,93602,ZCTA5 93602,54375,11419
8600000US93603,93603,ZCTA5 93603,65565,55066
8600000US93604,93604,ZCTA5 93604,62143,40742
8600000US93605,93605,ZCTA5 93605,84306,11495
8600000US93606,93606,ZCTA5 93606,31042,25216
8600000US93608,93608,ZCTA5 93608,33750,3991
8600000US93609,93609,ZCTA5 93609,38958,8822
8600000US93610,93610,ZCTA5 93610,37406,2789
8600000US93611,93611,ZCTA5 93611,78928,3541
8600000US93612,93612,ZCTA5 93612,40393,3383
8600000US93614,93614,ZCTA5 93614,55490,5258
8600000US93615,93615,ZCTA5 93615,30951,4801
8600000US93616,93616,ZCTA5 93616,30806,2273
8600000US93618,93618,ZCTA5 93618,38576,2207
8600000US93619,93619,ZCTA5 93619,108353,6074
8600000US93620,93620,ZCTA5 93620,36937,3968
8600000US93621,93621,ZCTA5 93621,-,**
8600000US93622,93622,ZCTA5 93622,40464,7748
8600000US93623,93623,ZCTA5 93623,102928,591
8600000US93624,93624,ZCTA5 93624,33833,2016
8600000US93625,93625,ZCTA5 93625,44388,7734
8600000US93626,93626,ZCTA5 93626,82419,27819
8600000US93627,93627,ZCTA5 93627,-,**
8600000US93628,93628,ZCTA5 93628,-,**
8600000US93630,93630,ZCTA5 93630,40654,5028
8600000US93631,93631,ZCTA5 93631,61163,4263
8600000US93633,93633,ZCTA5 93633,-,**
8600000US93634,93634,ZCTA5 93634,-,**
8600000US93635,93635,ZCTA5 93635,45714,2754
8600000US93636,93636,ZCTA5 93636,76349,4027
8600000US93637,93637,ZCTA5 93637,49632,2947
8600000US93638,93638,ZCTA5 93638,36709,1968
8600000US93640,93640,ZCTA5 93640,26438,2092
8600000US93641,93641,ZCTA5 93641,-,**
8600000US93643,93643,ZCTA5 93643,52356,12884
8600000US93644,93644,ZCTA5 93644,44703,4725
8600000US93645,93645,ZCTA5 93645,94276,90345
8600000US93646,93646,ZCTA5 93646,27726,2783
8600000US93647,93647,ZCTA5 93647,30423,4978
8600000US93648,93648,ZCTA5 93648,31008,1768
8600000US93650,93650,ZCTA5 93650,36042,12304
8600000US93651,93651,ZCTA5 93651,79267,20457
8600000US93652,93652,ZCTA5 93652,33824,13016
8600000US93653,93653,ZCTA5 93653,57083,24775
8600000US93654,93654,ZCTA5 93654,46354,3870
8600000US93656,93656,ZCTA5 93656,47300,3839
8600000US93657,93657,ZCTA5 93657,50560,5748
8600000US93660,93660,ZCTA5 93660,26645,6445
8600000US93662,93662,ZCTA5 93662,41313,3055
8600000US93664,93664,ZCTA5 93664,79583,50300
8600000US93665,93665,ZCTA5 93665,34958,8498
8600000US93666,93666,ZCTA5 93666,25714,20574
8600000US93667,93667,ZCTA5 93667,56875,14702
8600000US93668,93668,ZCTA5 93668,35703,11285
8600000US93669,93669,ZCTA5 93669,33576,15633
8600000US93673,93673,ZCTA5 93673,31094,11174
8600000US93675,93675,ZCTA5 93675,63922,6457
8600000US93701,93701,ZCTA5 93701,19080,3899
8600000US93702,93702,ZCTA5 93702,25210,1641
8600000US93703,93703,ZCTA5 93703,26629,1999
8600000US93704,93704,ZCTA5 93704,50054,3792
8600000US93705,93705,ZCTA5 93705,32639,2245
8600000US93706,93706,ZCTA5 93706,29003,1710
8600000US93710,93710,ZCTA5 93710,43598,2779
8600000US93711,93711,ZCTA5 93711,67949,4336
8600000US93720,93720,ZCTA5 93720,78357,4685
8600000US93721,93721,ZCTA5 93721,19145,6817
8600000US93722,93722,ZCTA5 93722,53571,2045
8600000US93723,93723,ZCTA5 93723,69625,7653
8600000US93725,93725,ZCTA5 93725,38098,2558
8600000US93726,93726,ZCTA5 93726,32018,1625
8600000US93727,93727,ZCTA5 93727,48388,2052
8600000US93728,93728,ZCTA5 93728,31478,3693
8600000US93730,93730,ZCTA5 93730,118472,11343
8600000US93901,93901,ZCTA5 93901,55129,3995
8600000US93905,93905,ZCTA5 93905,44370,1841
8600000US93906,93906,ZCTA5 93906,58278,2737
8600000US93907,93907,ZCTA5 93907,67242,5159
8600000US93908,93908,ZCTA5 93908,119897,6564
8600000US93920,93920,ZCTA5 93920,59219,9580
8600000US93921,93921,ZCTA5 93921,81875,19243
8600000US93923,93923,ZCTA5 93923,91863,18183
8600000US93924,93924,ZCTA5 93924,94866,9053
8600000US93925,93925,ZCTA5 93925,61620,9892
8600000US93926,93926,ZCTA5 93926,52003,5445
8600000US93927,93927,ZCTA5 93927,47733,3746
8600000US93928,93928,ZCTA5 93928,-,**
8600000US93930,93930,ZCTA5 93930,43353,6214
8600000US93932,93932,ZCTA5 93932,36250,14346
8600000US93933,93933,ZCTA5 93933,58161,4620
8600000US93940,93940,ZCTA5 93940,72976,3350
8600000US93943,93943,ZCTA5 93943,-,**
8600000US93950,93950,ZCTA5 93950,81486,6227
8600000US93953,93953,ZCTA5 93953,104531,32888
8600000US93954,93954,ZCTA5 93954,46250,16865
8600000US93955,93955,ZCTA5 93955,53311,4029
8600000US93960,93960,ZCTA5 93960,54022,8854
8600000US93962,93962,ZCTA5 93962,89250,27232
8600000US94002,94002,ZCTA5 94002,119530,6235
8600000US94005,94005,ZCTA5 94005,91127,14873
8600000US94010,94010,ZCTA5 94010,125768,7953
8600000US94014,94014,ZCTA5 94014,75658,4313
8600000US94015,94015,ZCTA5 94015,81956,3153
8600000US94019,94019,ZCTA5 94019,107265,6487
8600000US94020,94020,ZCTA5 94020,93472,39155
8600000US94021,94021,ZCTA5 94021,-,**
8600000US94022,94022,ZCTA5 94022,194014,19271
8600000US94024,94024,ZCTA5 94024,204534,9651
8600000US94025,94025,ZCTA5 94025,131854,9477
8600000US94027,94027,ZCTA5 94027,243542,28273
8600000US94028,94028,ZCTA5 94028,229554,65659
8600000US94030,94030,ZCTA5 94030,98709,5631
8600000US94037,94037,ZCTA5 94037,101410,39587
8600000US94038,94038,ZCTA5 94038,94423,27257
8600000US94040,94040,ZCTA5 94040,115600,7457
8600000US94041,94041,ZCTA5 94041,101780,11177
8600000US94043,94043,ZCTA5 94043,105030,5920
8600000US94044,94044,ZCTA5 94044,103545,3243
8600000US94060,94060,ZCTA5 94060,43611,35894
8600000US94061,94061,ZCTA5 94061,89578,5965
8600000US94062,94062,ZCTA5 94062,135808,9099
8600000US94063,94063,ZCTA5 94063,60434,3934
8600000US94065,94065,ZCTA5 94065,145518,14754
8600000US94066,94066,ZCTA5 94066,89008,2450
8600000US94070,94070,ZCTA5 94070,135030,6341
8600000US94074,94074,ZCTA5 94074,153043,126533
8600000US94080,94080,ZCTA5 94080,85204,4312
8600000US94085,94085,ZCTA5 94085,101051,4885
8600000US94086,94086,ZCTA5 94086,104449,4075
8600000US94087,94087,ZCTA5 94087,129668,7284
8600000US94089,94089,ZCTA5 94089,94903,9587
8600000US94102,94102,ZCTA5 94102,29456,3197
8600000US94103,94103,ZCTA5 94103,46140,5566
8600000US94104,94104,ZCTA5 94104,51500,31547
8600000US94105,94105,ZCTA5 94105,195165,42940
8600000US94107,94107,ZCTA5 94107,129152,12129
8600000US94108,94108,ZCTA5 94108,46218,5746
8600000US94109,94109,ZCTA5 94109,71043,5700
8600000US94110,94110,ZCTA5 94110,97563,4012
8600000US94111,94111,ZCTA5 94111,104083,14413
8600000US94112,94112,ZCTA5 94112,77388,3521
8600000US94114,94114,ZCTA5 94114,131442,7706
8600000US94115,94115,ZCTA5 94115,97090,7552
8600000US94116,94116,ZCTA5 94116,91930,5602
8600000US94117,94117,ZCTA5 94117,122266,6456
8600000US94118,94118,ZCTA5 94118,94197,6778
8600000US94121,94121,ZCTA5 94121,77280,4184
8600000US94122,94122,ZCTA5 94122,97091,4670
8600000US94123,94123,ZCTA5 94123,130589,5843
8600000US94124,94124,ZCTA5 94124,53322,3236
8600000US94127,94127,ZCTA5 94127,138381,11546
8600000US94128,94128,ZCTA5 94128,-,**
8600000US94129,94129,ZCTA5 94129,174564,15312
8600000US94130,94130,ZCTA5 94130,49271,9399
8600000US94131,94131,ZCTA5 94131,111083,9897
8600000US94132,94132,ZCTA5 94132,68711,5128
8600000US94133,94133,ZCTA5 94133,55098,9034
8600000US94134,94134,ZCTA5 94134,66925,4178
8600000US94158,94158,ZCTA5 94158,102237,50978
8600000US94301,94301,ZCTA5 94301,135427,11816
8600000US94303,94303,ZCTA5 94303,91866,6013
8600000US94304,94304,ZCTA5 94304,105320,12686
8600000US94305,94305,ZCTA5 94305,53173,15200
8600000US94306,94306,ZCTA5 94306,119157,6542
8600000US94401,94401,ZCTA5 94401,76361,4869
8600000US94402,94402,ZCTA5 94402,128163,8170
8600000US94403,94403,ZCTA5 94403,103612,5004
8600000US94404,94404,ZCTA5 94404,126618,5073
8600000US94501,94501,ZCTA5 94501,76787,3432
8600000US94502,94502,ZCTA5 94502,115765,10185
8600000US94503,94503,ZCTA5 94503,83627,3136
8600000US94505,94505,ZCTA5 94505,106068,8878
8600000US94506,94506,ZCTA5 94506,175947,12458
8600000US94507,94507,ZCTA5 94507,172414,15404
8600000US94508,94508,ZCTA5 94508,68176,8042
8600000US94509,94509,ZCTA5 94509,55022,2626
8600000US94510,94510,ZCTA5 94510,87569,5797
8600000US94511,94511,ZCTA5 94511,35814,9573
8600000US94512,94512,ZCTA5 94512,-,**
8600000US94513,94513,ZCTA5 94513,93951,4685
8600000US94514,94514,ZCTA5 94514,54348,19980
8600000US94515,94515,ZCTA5 94515,64505,10988
8600000US94516,94516,ZCTA5 94516,89000,54801
8600000US94517,94517,ZCTA5 94517,128398,14173
8600000US94518,94518,ZCTA5 94518,78301,4850
8600000US94519,94519,ZCTA5 94519,74351,4967
8600000US94520,94520,ZCTA5 94520,51096,2424
8600000US94521,94521,ZCTA5 94521,88339,4973
8600000US94523,94523,ZCTA5 94523,94042,6594
8600000US94525,94525,ZCTA5 94525,78750,19137
8600000US94526,94526,ZCTA5 94526,138287,11621
8600000US94528,94528,ZCTA5 94528,-,**
8600000US94530,94530,ZCTA5 94530,91052,5242
8600000US94531,94531,ZCTA5 94531,90126,4977
8600000US94533,94533,ZCTA5 94533,57316,2347
8600000US94534,94534,ZCTA5 94534,98485,7115
8600000US94535,94535,ZCTA5 94535,54692,4857
8600000US94536,94536,ZCTA5 94536,102450,5097
8600000US94538,94538,ZCTA5 94538,94193,2803
8600000US94539,94539,ZCTA5 94539,152402,5017
8600000US94541,94541,ZCTA5 94541,63801,2594
8600000US94542,94542,ZCTA5 94542,99647,8801
8600000US94544,94544,ZCTA5 94544,62660,1844
8600000US94545,94545,ZCTA5 94545,81125,6934
8600000US94546,94546,ZCTA5 94546,78556,4635
8600000US94547,94547,ZCTA5 94547,102993,4734
8600000US94548,94548,ZCTA5 94548,72059,56993
8600000US94549,94549,ZCTA5 94549,147368,12435
8600000US94550,94550,ZCTA5 94550,109793,5271
8600000US94551,94551,ZCTA5 94551,101326,3884
8600000US94552,94552,ZCTA5 94552,131108,14795
8600000US94553,94553,ZCTA5 94553,84638,3751
8600000US94555,94555,ZCTA5 94555,124947,5682
8600000US94556,94556,ZCTA5 94556,136771,16367
8600000US94558,94558,ZCTA5 94558,77299,2574
8600000US94559,94559,ZCTA5 94559,65891,3606
8600000US94560,94560,ZCTA5 94560,91965,3594
8600000US94561,94561,ZCTA5 94561,81910,4529
8600000US94563,94563,ZCTA5 94563,174526,22006
8600000US94564,94564,ZCTA5 94564,73861,4307
8600000US94565,94565,ZCTA5 94565,60020,2502
8600000US94566,94566,ZCTA5 94566,129064,6781
8600000US94567,94567,ZCTA5 94567,56406,15377
8600000US94568,94568,ZCTA5 94568,126054,4353
8600000US94569,94569,ZCTA5 94569,136875,56728
8600000US94571,94571,ZCTA5 94571,54852,11889
8600000US94572,94572,ZCTA5 94572,70227,11886
8600000US94573,94573,ZCTA5 94573,-,**
8600000US94574,94574,ZCTA5 94574,84375,9945
8600000US94575,94575,ZCTA5 94575,-,**
8600000US94576,94576,ZCTA5 94576,-,**
8600000US94577,94577,ZCTA5 94577,65009,3699
8600000US94578,94578,ZCTA5 94578,50838,3517
8600000US94579,94579,ZCTA5 94579,73771,8117
8600000US94580,94580,ZCTA5 94580,80188,5624
8600000US94582,94582,ZCTA5 94582,140210,7282
8600000US94583,94583,ZCTA5 94583,129182,4796
8600000US94585,94585,ZCTA5 94585,70491,5740
8600000US94586,94586,ZCTA5 94586,91932,27692
8600000US94587,94587,ZCTA5 94587,91629,2939
8600000US94588,94588,ZCTA5 94588,130888,6683
8600000US94589,94589,ZCTA5 94589,57316,4622
8600000US94590,94590,ZCTA5 94590,41530,1983
8600000US94591,94591,ZCTA5 94591,73897,4991
8600000US94592,94592,ZCTA5 94592,110648,13645
8600000US94595,94595,ZCTA5 94595,62374,3866
8600000US94596,94596,ZCTA5 94596,82869,5185
8600000US94597,94597,ZCTA5 94597,93927,5592
8600000US94598,94598,ZCTA5 94598,125089,11454
8600000US94599,94599,ZCTA5 94599,72245,6545
8600000US94601,94601,ZCTA5 94601,41918,1884
8600000US94602,94602,ZCTA5 94602,72850,4498
8600000US94603,94603,ZCTA5 94603,44294,3202
8600000US94605,94605,ZCTA5 94605,62061,3416
8600000US94606,94606,ZCTA5 94606,43314,2630
8600000US94607,94607,ZCTA5 94607,35360,2718
8600000US94608,94608,ZCTA5 94608,61069,2766
8600000US94609,94609,ZCTA5 94609,67827,5991
8600000US94610,94610,ZCTA5 94610,83052,3573
8600000US94611,94611,ZCTA5 94611,115065,4274
8600000US94612,94612,ZCTA5 94612,35977,4449
8600000US94613,94613,ZCTA5 94613,-,**
8600000US94618,94618,ZCTA5 94618,139570,13008
8600000US94619,94619,ZCTA5 94619,79225,5968
8600000US94621,94621,ZCTA5 94621,31027,1938
8600000US94702,94702,ZCTA5 94702,67280,5192
8600000US94703,94703,ZCTA5 94703,68842,5905
8600000US94704,94704,ZCTA5 94704,26173,2043
8600000US94705,94705,ZCTA5 94705,105461,13576
8600000US94706,94706,ZCTA5 94706,86043,3541
8600000US94707,94707,ZCTA5 94707,140711,6132
8600000US94708,94708,ZCTA5 94708,147837,9889
8600000US94709,94709,ZCTA5 94709,63701,5358
8600000US94710,94710,ZCTA5 94710,63080,16563
8600000US94720,94720,ZCTA5 94720,-,**
8600000US94801,94801,ZCTA5 94801,43393,4807
8600000US94803,94803,ZCTA5 94803,78759,4526
8600000US94804,94804,ZCTA5 94804,51276,3491
8600000US94805,94805,ZCTA5 94805,72009,3814
8600000US94806,94806,ZCTA5 94806,52698,2943
8600000US94850,94850,ZCTA5 94850,-,**
8600000US94901,94901,ZCTA5 94901,82231,3985
8600000US94903,94903,ZCTA5 94903,92552,5071
8600000US94904,94904,ZCTA5 94904,111845,14530
8600000US94920,94920,ZCTA5 94920,155710,12086
8600000US94922,94922,ZCTA5 94922,42644,33218
8600000US94923,94923,ZCTA5 94923,106250,63997
8600000US94924,94924,ZCTA5 94924,66650,26902
8600000US94925,94925,ZCTA5 94925,125915,11134
8600000US94928,94928,ZCTA5 94928,60344,3079
8600000US94929,94929,ZCTA5 94929,77857,76881
8600000US94930,94930,ZCTA5 94930,99338,13678
8600000US94931,94931,ZCTA5 94931,64353,10105
8600000US94933,94933,ZCTA5 94933,76393,20510
8600000US94937,94937,ZCTA5 94937,54353,12440
8600000US94938,94938,ZCTA5 94938,103854,48855
8600000US94939,94939,ZCTA5 94939,99844,12508
8600000US94940,94940,ZCTA5 94940,-,**
8600000US94941,94941,ZCTA5 94941,131703,9377
8600000US94945,94945,ZCTA5 94945,90685,8165
8600000US94946,94946,ZCTA5 94946,108750,21319
8600000US94947,94947,ZCTA5 94947,88119,7934
8600000US94949,94949,ZCTA5 94949,78568,11174
8600000US94950,94950,ZCTA5 94950,68846,35220
8600000US94951,94951,ZCTA5 94951,91333,26291
8600000US94952,94952,ZCTA5 94952,75628,5236
8600000US94954,94954,ZCTA5 94954,83713,2249
8600000US94956,94956,ZCTA5 94956,38021,17128
8600000US94957,94957,ZCTA5 94957,"250,000+",***
8600000US94960,94960,ZCTA5 94960,112045,7125
8600000US94963,94963,ZCTA5 94963,91806,26600
8600000US94964,94964,ZCTA5 94964,107167,66639
8600000US94965,94965,ZCTA5 94965,102415,9056
8600000US94970,94970,ZCTA5 94970,109412,30659
8600000US94971,94971,ZCTA5 94971,81842,52654
8600000US94972,94972,ZCTA5 94972,-,**
8600000US94973,94973,ZCTA5 94973,90824,46055
8600000US95002,95002,ZCTA5 95002,74516,10887
8600000US95003,95003,ZCTA5 95003,90694,5324
8600000US95004,95004,ZCTA5 95004,93056,22992
8600000US95005,95005,ZCTA5 95005,70833,10333
8600000US95006,95006,ZCTA5 95006,73963,14937
8600000US95007,95007,ZCTA5 95007,-,**
8600000US95008,95008,ZCTA5 95008,102556,4299
8600000US95010,95010,ZCTA5 95010,74146,4219
8600000US95012,95012,ZCTA5 95012,52132,6704
8600000US95013,95013,ZCTA5 95013,50521,15180
8600000US95014,95014,ZCTA5 95014,141917,7470
8600000US95017,95017,ZCTA5 95017,67321,21885
8600000US95018,95018,ZCTA5 95018,81811,9771
8600000US95019,95019,ZCTA5 95019,34323,10688
8600000US95020,95020,ZCTA5 95020,86261,4699
8600000US95023,95023,ZCTA5 95023,76965,4195
8600000US95030,95030,ZCTA5 95030,171688,14614
8600000US95032,95032,ZCTA5 95032,124298,6177
8600000US95033,95033,ZCTA5 95033,139688,11546
8600000US95035,95035,ZCTA5 95035,103545,2977
8600000US95037,95037,ZCTA5 95037,100305,3856
8600000US95039,95039,ZCTA5 95039,41944,7499
8600000US95041,95041,ZCTA5 95041,-,**
8600000US95043,95043,ZCTA5 95043,64167,8709
8600000US95045,95045,ZCTA5 95045,53889,11706
8600000US95046,95046,ZCTA5 95046,109353,14796
8600000US95050,95050,ZCTA5 95050,80324,6237
8600000US95051,95051,ZCTA5 95051,106527,4610
8600000US95053,95053,ZCTA5 95053,-,**
8600000US95054,95054,ZCTA5 95054,132538,12242
8600000US95060,95060,ZCTA5 95060,62145,3835
8600000US95062,95062,ZCTA5 95062,63492,4919
8600000US95064,95064,ZCTA5 95064,40972,19284
8600000US95065,95065,ZCTA5 95065,92336,9068
8600000US95066,95066,ZCTA5 95066,108581,5978
8600000US95070,95070,ZCTA5 95070,169986,8695
8600000US95073,95073,ZCTA5 95073,81392,9741
8600000US95075,95075,ZCTA5 95075,64444,12459
8600000US95076,95076,ZCTA5 95076,58271,2973
8600000US95110,95110,ZCTA5 95110,69623,8680
8600000US95111,95111,ZCTA5 95111,61630,3725
8600000US95112,95112,ZCTA5 95112,56495,3662
8600000US95113,95113,ZCTA5 95113,96711,21269
8600000US95116,95116,ZCTA5 95116,51399,2003
8600000US95117,95117,ZCTA5 95117,71841,4996
8600000US95118,95118,ZCTA5 95118,97513,4525
8600000US95119,95119,ZCTA5 95119,115588,5619
8600000US95120,95120,ZCTA5 95120,161817,3941
8600000US95121,95121,ZCTA5 95121,88877,6044
8600000US95122,95122,ZCTA5 95122,62595,2307
8600000US95123,95123,ZCTA5 95123,97178,3831
8600000US95124,95124,ZCTA5 95124,117627,6424
8600000US95125,95125,ZCTA5 95125,106995,6470
8600000US95126,95126,ZCTA5 95126,77734,5710
8600000US95127,95127,ZCTA5 95127,78362,4871
8600000US95128,95128,ZCTA5 95128,76894,4553
8600000US95129,95129,ZCTA5 95129,119032,5841
8600000US95130,95130,ZCTA5 95130,98179,8039
8600000US95131,95131,ZCTA5 95131,108246,7938
8600000US95132,95132,ZCTA5 95132,99163,3295
8600000US95133,95133,ZCTA5 95133,73141,6630
8600000US95134,95134,ZCTA5 95134,126515,2362
8600000US95135,95135,ZCTA5 95135,129923,11740
8600000US95136,95136,ZCTA5 95136,87774,4771
8600000US95138,95138,ZCTA5 95138,152284,10555
8600000US95139,95139,ZCTA5 95139,120177,12376
8600000US95140,95140,ZCTA5 95140,-,**
8600000US95148,95148,ZCTA5 95148,113028,3837
8600000US95202,95202,ZCTA5 95202,14758,1469
8600000US95203,95203,ZCTA5 95203,35719,4136
8600000US95204,95204,ZCTA5 95204,44306,2391
8600000US95205,95205,ZCTA5 95205,33269,1835
8600000US95206,95206,ZCTA5 95206,42328,2078
8600000US95207,95207,ZCTA5 95207,39219,2094
8600000US95209,95209,ZCTA5 95209,72461,3617
8600000US95210,95210,ZCTA5 95210,37689,3011
8600000US95211,95211,ZCTA5 95211,-,**
8600000US95212,95212,ZCTA5 95212,77928,10278
8600000US95215,95215,ZCTA5 95215,42991,3649
8600000US95219,95219,ZCTA5 95219,76582,3445
8600000US95220,95220,ZCTA5 95220,61486,9589
8600000US95222,95222,ZCTA5 95222,48724,8490
8600000US95223,95223,ZCTA5 95223,53333,12404
8600000US95224,95224,ZCTA5 95224,19357,6071
8600000US95225,95225,ZCTA5 95225,56367,29020
8600000US95226,95226,ZCTA5 95226,-,**
8600000US95227,95227,ZCTA5 95227,83900,36934
8600000US95228,95228,ZCTA5 95228,71786,9161
8600000US95230,95230,ZCTA5 95230,47865,20219
8600000US95231,95231,ZCTA5 95231,35833,6005
8600000US95232,95232,ZCTA5 95232,-,**
8600000US95233,95233,ZCTA5 95233,51875,30525
8600000US95234,95234,ZCTA5 95234,-,**
8600000US95236,95236,ZCTA5 95236,67769,4778
8600000US95237,95237,ZCTA5 95237,52450,5272
8600000US95240,95240,ZCTA5 95240,43364,2463
8600000US95242,95242,ZCTA5 95242,64899,3794
8600000US95245,95245,ZCTA5 95245,58125,24170
8600000US95246,95246,ZCTA5 95246,37018,3134
8600000US95247,95247,ZCTA5 95247,45648,5418
8600000US95248,95248,ZCTA5 95248,28194,20085
8600000US95249,95249,ZCTA5 95249,40532,4702
8600000US95250,95250,ZCTA5 95250,-,**
8600000US95251,95251,ZCTA5 95251,50278,14209
8600000US95252,95252,ZCTA5 95252,64918,14125
8600000US95254,95254,ZCTA5 95254,118966,51797
8600000US95255,95255,ZCTA5 95255,33531,4003
8600000US95257,95257,ZCTA5 95257,36548,20951
8600000US95258,95258,ZCTA5 95258,75466,11516
8600000US95301,95301,ZCTA5 95301,51340,2458
8600000US95303,95303,ZCTA5 95303,38393,18326
8600000US95304,95304,ZCTA5 95304,85890,14695
8600000US95305,95305,ZCTA5 95305,-,**
8600000US95306,95306,ZCTA5 95306,52188,15479
8600000US95307,95307,ZCTA5 95307,50051,2357
8600000US95310,95310,ZCTA5 95310,41417,16715
8600000US95311,95311,ZCTA5 95311,45682,11667
8600000US95312,95312,ZCTA5 95312,41875,27055
8600000US95313,95313,ZCTA5 95313,42358,23320
8600000US95314,95314,ZCTA5 95314,-,**
8600000US95315,95315,ZCTA5 95315,48025,4858
8600000US95316,95316,ZCTA5 95316,60233,10345
8600000US95317,95317,ZCTA5 95317,34643,3838
8600000US95318,95318,ZCTA5 95318,96696,21225
8600000US95319,95319,ZCTA5 95319,26503,4413
8600000US95320,95320,ZCTA5 95320,61726,9272
8600000US95321,95321,ZCTA5 95321,47165,5921
8600000US95322,95322,ZCTA5 95322,37578,6702
8600000US95323,95323,ZCTA5 95323,51528,11769
8600000US95324,95324,ZCTA5 95324,52541,6771
8600000US95325,95325,ZCTA5 95325,-,**
8600000US95326,95326,ZCTA5 95326,56037,6841
8600000US95327,95327,ZCTA5 95327,50833,9133
8600000US95328,95328,ZCTA5 95328,51048,7569
8600000US95329,95329,ZCTA5 95329,57000,10399
8600000US95330,95330,ZCTA5 95330,66208,4249
8600000US95333,95333,ZCTA5 95333,46146,4334
8600000US95334,95334,ZCTA5 95334,55619,4816
8600000US95335,95335,ZCTA5 95335,-,**
8600000US95336,95336,ZCTA5 95336,59694,3515
8600000US95337,95337,ZCTA5 95337,72082,3765
8600000US95338,95338,ZCTA5 95338,49207,4811
8600000US95340,95340,ZCTA5 95340,50334,4451
8600000US95341,95341,ZCTA5 95341,32957,2506
8600000US95345,95345,ZCTA5 95345,-,**
8600000US95346,95346,ZCTA5 95346,53310,14720
8600000US95348,95348,ZCTA5 95348,41741,3172
8600000US95350,95350,ZCTA5 95350,43876,1987
8600000US95351,95351,ZCTA5 95351,36548,2057
8600000US95354,95354,ZCTA5 95354,41558,3792
8600000US95355,95355,ZCTA5 95355,59403,5042
8600000US95356,95356,ZCTA5 95356,66286,4790
8600000US95357,95357,ZCTA5 95357,58582,7403
8600000US95358,95358,ZCTA5 95358,51086,3166
8600000US95360,95360,ZCTA5 95360,48454,7681
8600000US95361,95361,ZCTA5 95361,57649,5459
8600000US95363,95363,ZCTA5 95363,54440,4554
8600000US95364,95364,ZCTA5 95364,-,**
8600000US95365,95365,ZCTA5 95365,35816,7488
8600000US95366,95366,ZCTA5 95366,78722,6088
8600000US95367,95367,ZCTA5 95367,62326,2545
8600000US95368,95368,ZCTA5 95368,71730,6876
8600000US95369,95369,ZCTA5 95369,49141,8344
8600000US95370,95370,ZCTA5 95370,49904,3524
8600000US95372,95372,ZCTA5 95372,72917,16980
8600000US95374,95374,ZCTA5 95374,45132,12165
8600000US95375,95375,ZCTA5 95375,-,**
8600000US95376,95376,ZCTA5 95376,68596,3411
8600000US95377,95377,ZCTA5 95377,96440,4538
8600000US95379,95379,ZCTA5 95379,52514,13612
8600000US95380,95380,ZCTA5 95380,41302,1925
8600000US95382,95382,ZCTA5 95382,66116,3678
8600000US95383,95383,ZCTA5 95383,47273,10279
8600000US95385,95385,ZCTA5 95385,40486,17734
8600000US95386,95386,ZCTA5 95386,52695,6012
8600000US95387,95387,ZCTA5 95387,21579,16715
8600000US95388,95388,ZCTA5 95388,42705,3464
8600000US95389,95389,ZCTA5 95389,39516,18602
8600000US95391,95391,ZCTA5 95391,117804,5023
8600000US95401,95401,ZCTA5 95401,56932,3995
8600000US95403,95403,ZCTA5 95403,64236,3446
8600000US95404,95404,ZCTA5 95404,69230,4780
8600000US95405,95405,ZCTA5 95405,75974,5133
8600000US95407,95407,ZCTA5 95407,54715,2813
8600000US95409,95409,ZCTA5 95409,67550,3363
8600000US95410,95410,ZCTA5 95410,39943,16207
8600000US95412,95412,ZCTA5 95412,67708,18743
8600000US95415,95415,ZCTA5 95415,32826,9240
8600000US95417,95417,ZCTA5 95417,71047,7386
8600000US95420,95420,ZCTA5 95420,68828,43466
8600000US95421,95421,ZCTA5 95421,56458,8428
8600000US95422,95422,ZCTA5 95422,25506,1338
8600000US95423,95423,ZCTA5 95423,29654,4658
8600000US95425,95425,ZCTA5 95425,60283,6180
8600000US95426,95426,ZCTA5 95426,64821,30032
8600000US95427,95427,ZCTA5 95427,-,**
8600000US95428,95428,ZCTA5 95428,30942,5567
8600000US95429,95429,ZCTA5 95429,51538,20315
8600000US95430,95430,ZCTA5 95430,-,**
8600000US95431,95431,ZCTA5 95431,-,**
8600000US95432,95432,ZCTA5 95432,41316,19657
8600000US95435,95435,ZCTA5 95435,-,**
8600000US95436,95436,ZCTA5 95436,56768,4538
8600000US95437,95437,ZCTA5 95437,40924,5253
8600000US95439,95439,ZCTA5 95439,66667,58712
8600000US95441,95441,ZCTA5 95441,71250,15240
8600000US95442,95442,ZCTA5 95442,64818,17750
8600000US95443,95443,ZCTA5 95443,-,**
8600000US95444,95444,ZCTA5 95444,85288,70441
8600000US95445,95445,ZCTA5 95445,38050,10954
8600000US95446,95446,ZCTA5 95446,50843,7686
8600000US95448,95448,ZCTA5 95448,70480,5878
8600000US95449,95449,ZCTA5 95449,39931,10002
8600000US95450,95450,ZCTA5 95450,54464,8602
8600000US95451,95451,ZCTA5 95451,44915,9315
8600000US95452,95452,ZCTA5 95452,78365,17932
8600000US95453,95453,ZCTA5 95453,43477,5905
8600000US95454,95454,ZCTA5 95454,30984,5682
8600000US95456,95456,ZCTA5 95456,40625,23142
8600000US95457,95457,ZCTA5 95457,37326,13533
8600000US95458,95458,ZCTA5 95458,26435,7861
8600000US95459,95459,ZCTA5 95459,44286,8240
8600000US95460,95460,ZCTA5 95460,51326,6346
8600000US95461,95461,ZCTA5 95461,48651,11734
8600000US95462,95462,ZCTA5 95462,41016,16426
8600000US95463,95463,ZCTA5 95463,-,**
8600000US95464,95464,ZCTA5 95464,35000,9782
8600000US95465,95465,ZCTA5 95465,63325,6146
8600000US95466,95466,ZCTA5 95466,55905,5798
8600000US95467,95467,ZCTA5 95467,66411,9130
8600000US95468,95468,ZCTA5 95468,46250,11054
8600000US95469,95469,ZCTA5 95469,49167,13861
8600000US95470,95470,ZCTA5 95470,60844,14951
8600000US95471,95471,ZCTA5 95471,41394,30338
8600000US95472,95472,ZCTA5 95472,73050,4290
8600000US95476,95476,ZCTA5 95476,68894,5198
8600000US95482,95482,ZCTA5 95482,44163,3033
8600000US95485,95485,ZCTA5 95485,31875,9241
8600000US95486,95486,ZCTA5 95486,-,**
8600000US95488,95488,ZCTA5 95488,81250,28174
8600000US95490,95490,ZCTA5 95490,36139,8667
8600000US95492,95492,ZCTA5 95492,84178,4635
8600000US95493,95493,ZCTA5 95493,57188,8644
8600000US95494,95494,ZCTA5 95494,-,**
8600000US95497,95497,ZCTA5 95497,77759,15107
8600000US95501,95501,ZCTA5 95501,39796,2644
8600000US95503,95503,ZCTA5 95503,47332,4940
8600000US95511,95511,ZCTA5 95511,-,**
8600000US95514,95514,ZCTA5 95514,24276,21761
8600000US95519,95519,ZCTA5 95519,51305,3790
8600000US95521,95521,ZCTA5 95521,34414,3771
8600000US95524,95524,ZCTA5 95524,69792,16243
8600000US95525,95525,ZCTA5 95525,48974,6130
8600000US95526,95526,ZCTA5 95526,21806,6150
8600000US95527,95527,ZCTA5 95527,40078,7993
8600000US95528,95528,ZCTA5 95528,45625,10818
8600000US95531,95531,ZCTA5 95531,43841,5670
8600000US95536,95536,ZCTA5 95536,46756,5499
8600000US95537,95537,ZCTA5 95537,-,**
8600000US95540,95540,ZCTA5 95540,44943,1807
8600000US95542,95542,ZCTA5 95542,34219,5343
8600000US95543,95543,ZCTA5 95543,32500,20994
8600000US95545,95545,ZCTA5 95545,-,**
8600000US95546,95546,ZCTA5 95546,23654,5870
8600000US95547,95547,ZCTA5 95547,63750,16372
8600000US95548,95548,ZCTA5 95548,31848,5329
8600000US95549,95549,ZCTA5 95549,61250,14473
8600000US95550,95550,ZCTA5 95550,-,**
8600000US95551,95551,ZCTA5 95551,35795,13085
8600000US95552,95552,ZCTA5 95552,26447,12538
8600000US95553,95553,ZCTA5 95553,26926,20523
8600000US95554,95554,ZCTA5 95554,55139,16339
8600000US95555,95555,ZCTA5 95555,35250,11987
8600000US95556,95556,ZCTA5 95556,35938,12190
8600000US95558,95558,ZCTA5 95558,49063,22454
8600000US95559,95559,ZCTA5 95559,"2,500-",***
8600000US95560,95560,ZCTA5 95560,37093,16919
8600000US95562,95562,ZCTA5 95562,40750,8478
8600000US95563,95563,ZCTA5 95563,55060,30564
8600000US95564,95564,ZCTA5 95564,41875,17938
8600000US95565,95565,ZCTA5 95565,42841,14711
8600000US95567,95567,ZCTA5 95567,44572,9876
8600000US95568,95568,ZCTA5 95568,-,**
8600000US95569,95569,ZCTA5 95569,41429,22988
8600000US95570,95570,ZCTA5 95570,51779,4850
8600000US95571,95571,ZCTA5 95571,32386,30929
8600000US95573,95573,ZCTA5 95573,32269,19080
8600000US95585,95585,ZCTA5 95585,21765,15464
8600000US95587,95587,ZCTA5 95587,-,**
8600000US95589,95589,ZCTA5 95589,53476,18547
8600000US95595,95595,ZCTA5 95595,45000,28360
8600000US95601,95601,ZCTA5 95601,-,**
8600000US95602,95602,ZCTA5 95602,66114,5728
8600000US95603,95603,ZCTA5 95603,60299,4488
8600000US95604,95604,ZCTA5 95604,133958,56540
8600000US95605,95605,ZCTA5 95605,42266,5068
8600000US95606,95606,ZCTA5 95606,-,**
8600000US95607,95607,ZCTA5 95607,70038,14325
8600000US95608,95608,ZCTA5 95608,56891,2951
8600000US95610,95610,ZCTA5 95610,51271,1701
8600000US95612,95612,ZCTA5 95612,72863,38600
8600000US95614,95614,ZCTA5 95614,98933,11748
8600000US95615,95615,ZCTA5 95615,66080,22333
8600000US95616,95616,ZCTA5 95616,46170,2263
8600000US95618,95618,ZCTA5 95618,81382,5010
8600000US95619,95619,ZCTA5 95619,64821,9016
8600000US95620,95620,ZCTA5 95620,72583,4848
8600000US95621,95621,ZCTA5 95621,52462,2326
8600000US95623,95623,ZCTA5 95623,58546,9601
8600000US95624,95624,ZCTA5 95624,84854,5057
8600000US95625,95625,ZCTA5 95625,-,**
8600000US95626,95626,ZCTA5 95626,56667,11421
8600000US95627,95627,ZCTA5 95627,58796,12008
8600000US95628,95628,ZCTA5 95628,73858,3239
8600000US95629,95629,ZCTA5 95629,49514,25441
8600000US95630,95630,ZCTA5 95630,102865,2800
8600000US95631,95631,ZCTA5 95631,67284,11904
8600000US95632,95632,ZCTA5 95632,64668,3595
8600000US95633,95633,ZCTA5 95633,73110,21697
8600000US95634,95634,ZCTA5 95634,49583,24584
8600000US95635,95635,ZCTA5 95635,37449,14106
8600000US95636,95636,ZCTA5 95636,44390,10666
8600000US95637,95637,ZCTA5 95637,51641,32742
8600000US95638,95638,ZCTA5 95638,87361,35569
8600000US95639,95639,ZCTA5 95639,69375,19121
8600000US95640,95640,ZCTA5 95640,62229,6627
8600000US95641,95641,ZCTA5 95641,41571,6331
8600000US95642,95642,ZCTA5 95642,48879,8792
8600000US95645,95645,ZCTA5 95645,38917,6082
8600000US95646,95646,ZCTA5 95646,-,**
8600000US95648,95648,ZCTA5 95648,76901,2542
8600000US95650,95650,ZCTA5 95650,84851,9832
8600000US95651,95651,ZCTA5 95651,76326,29977
8600000US95652,95652,ZCTA5 95652,26098,17901
8600000US95653,95653,ZCTA5 95653,68750,47391
8600000US95655,95655,ZCTA5 95655,78750,9399
8600000US95658,95658,ZCTA5 95658,73242,6382
8600000US95659,95659,ZCTA5 95659,53977,11655
8600000US95660,95660,ZCTA5 95660,39677,2616
8600000US95661,95661,ZCTA5 95661,78154,3436
8600000US95662,95662,ZCTA5 95662,72134,5883
8600000US95663,95663,ZCTA5 95663,100221,32606
8600000US95664,95664,ZCTA5 95664,69333,32724
8600000US95665,95665,ZCTA5 95665,62969,19989
8600000US95666,95666,ZCTA5 95666,49336,8099
8600000US95667,95667,ZCTA5 95667,56584,3841
8600000US95668,95668,ZCTA5 95668,68333,10988
8600000US95669,95669,ZCTA5 95669,68144,9289
8600000US95670,95670,ZCTA5 95670,56527,3338
8600000US95672,95672,ZCTA5 95672,96316,6441
8600000US95673,95673,ZCTA5 95673,54560,3213
8600000US95674,95674,ZCTA5 95674,81979,14449
8600000US95675,95675,ZCTA5 95675,49569,23315
8600000US95677,95677,ZCTA5 95677,73641,5041
8600000US95678,95678,ZCTA5 95678,63008,3165
8600000US95679,95679,ZCTA5 95679,-,**
8600000US95680,95680,ZCTA5 95680,-,**
8600000US95681,95681,ZCTA5 95681,52292,34379
8600000US95682,95682,ZCTA5 95682,77993,3313
8600000US95683,95683,ZCTA5 95683,98782,9779
8600000US95684,95684,ZCTA5 95684,63553,9695
8600000US95685,95685,ZCTA5 95685,62339,5265
8600000US95686,95686,ZCTA5 95686,33672,5813
8600000US95687,95687,ZCTA5 95687,75472,2181
8600000US95688,95688,ZCTA5 95688,83578,4766
8600000US95689,95689,ZCTA5 95689,61510,19542
8600000US95690,95690,ZCTA5 95690,53493,14778
8600000US95691,95691,ZCTA5 95691,66519,3340
8600000US95692,95692,ZCTA5 95692,66861,4786
8600000US95693,95693,ZCTA5 95693,85417,15020
8600000US95694,95694,ZCTA5 95694,62083,10732
8600000US95695,95695,ZCTA5 95695,55386,2569
8600000US95697,95697,ZCTA5 95697,75708,20496
8600000US95698,95698,ZCTA5 95698,38984,12664
8600000US95699,95699,ZCTA5 95699,-,**
8600000US95701,95701,ZCTA5 95701,42411,24664
8600000US95703,95703,ZCTA5 95703,68295,18988
8600000US95709,95709,ZCTA5 95709,67393,8368
8600000US95713,95713,ZCTA5 95713,61158,7053
8600000US95714,95714,ZCTA5 95714,53583,15259
8600000US95715,95715,ZCTA5 95715,31667,15538
8600000US95717,95717,ZCTA5 95717,41250,12911
8600000US95720,95720,ZCTA5 95720,46250,26502
8600000US95721,95721,ZCTA5 95721,-,**
8600000US95722,95722,ZCTA5 95722,86136,11963
8600000US95724,95724,ZCTA5 95724,-,**
8600000US95726,95726,ZCTA5 95726,57908,6651
8600000US95728,95728,ZCTA5 95728,58107,41160
8600000US95735,95735,ZCTA5 95735,-,**
8600000US95736,95736,ZCTA5 95736,43587,22957
8600000US95742,95742,ZCTA5 95742,105789,11029
8600000US95746,95746,ZCTA5 95746,123093,10292
8600000US95747,95747,ZCTA5 95747,96394,3364
8600000US95757,95757,ZCTA5 95757,91539,3449
8600000US95758,95758,ZCTA5 95758,74164,3637
8600000US95762,95762,ZCTA5 95762,126340,7221
8600000US95765,95765,ZCTA5 95765,92250,6103
8600000US95776,95776,ZCTA5 95776,66870,5953
8600000US95811,95811,ZCTA5 95811,38538,3622
8600000US95814,95814,ZCTA5 95814,31409,4832
8600000US95815,95815,ZCTA5 95815,29870,3160
8600000US95816,95816,ZCTA5 95816,54777,4241
8600000US95817,95817,ZCTA5 95817,38889,4355
8600000US95818,95818,ZCTA5 95818,68085,4070
8600000US95819,95819,ZCTA5 95819,96633,6090
8600000US95820,95820,ZCTA5 95820,42948,2707
8600000US95821,95821,ZCTA5 95821,39588,3159
8600000US95822,95822,ZCTA5 95822,47405,2799
8600000US95823,95823,ZCTA5 95823,39294,1519
8600000US95824,95824,ZCTA5 95824,29747,2275
8600000US95825,95825,ZCTA5 95825,36647,2588
8600000US95826,95826,ZCTA5 95826,55772,2407
8600000US95827,95827,ZCTA5 95827,48831,3514
8600000US95828,95828,ZCTA5 95828,45710,1537
8600000US95829,95829,ZCTA5 95829,80118,3173
8600000US95830,95830,ZCTA5 95830,54417,21906
8600000US95831,95831,ZCTA5 95831,68140,3126
8600000US95832,95832,ZCTA5 95832,42652,3066
8600000US95833,95833,ZCTA5 95833,58008,3648
8600000US95834,95834,ZCTA5 95834,53728,3099
8600000US95835,95835,ZCTA5 95835,83150,3109
8600000US95837,95837,ZCTA5 95837,111786,33209
8600000US95838,95838,ZCTA5 95838,40815,1617
8600000US95841,95841,ZCTA5 95841,40693,2848
8600000US95842,95842,ZCTA5 95842,44462,2809
8600000US95843,95843,ZCTA5 95843,66178,3419
8600000US95864,95864,ZCTA5 95864,92165,3966
8600000US95901,95901,ZCTA5 95901,45973,4204
8600000US95903,95903,ZCTA5 95903,38170,5853
8600000US95910,95910,ZCTA5 95910,-,**
8600000US95912,95912,ZCTA5 95912,62706,7122
8600000US95914,95914,ZCTA5 95914,53125,25802
8600000US95915,95915,ZCTA5 95915,-,**
8600000US95916,95916,ZCTA5 95916,32868,4059
8600000US95917,95917,ZCTA5 95917,52083,5281
8600000US95918,95918,ZCTA5 95918,87462,18159
8600000US95919,95919,ZCTA5 95919,37025,19723
8600000US95920,95920,ZCTA5 95920,-,**
8600000US95922,95922,ZCTA5 95922,33056,10742
8600000US95923,95923,ZCTA5 95923,-,**
8600000US95925,95925,ZCTA5 95925,23576,5264
8600000US95926,95926,ZCTA5 95926,39239,2599
8600000US95928,95928,ZCTA5 95928,45011,3149
8600000US95930,95930,ZCTA5 95930,-,**
8600000US95932,95932,ZCTA5 95932,52031,3255
8600000US95934,95934,ZCTA5 95934,-,**
8600000US95935,95935,ZCTA5 95935,-,**
8600000US95936,95936,ZCTA5 95936,34659,31697
8600000US95937,95937,ZCTA5 95937,50824,6669
8600000US95938,95938,ZCTA5 95938,64375,18936
8600000US95939,95939,ZCTA5 95939,32292,9071
8600000US95941,95941,ZCTA5 95941,39632,34818
8600000US95942,95942,ZCTA5 95942,49333,38725
8600000US95943,95943,ZCTA5 95943,44464,5607
8600000US95944,95944,ZCTA5 95944,-,**
8600000US95945,95945,ZCTA5 95945,43636,3298
8600000US95946,95946,ZCTA5 95946,62351,7725
8600000US95947,95947,ZCTA5 95947,38594,11131
8600000US95948,95948,ZCTA5 95948,43488,4591
8600000US95949,95949,ZCTA5 95949,58861,5525
8600000US95950,95950,ZCTA5 95950,42214,23695
8600000US95951,95951,ZCTA5 95951,39954,6789
8600000US95953,95953,ZCTA5 95953,46275,3821
8600000US95954,95954,ZCTA5 95954,44703,3938
8600000US95955,95955,ZCTA5 95955,57750,12425
8600000US95956,95956,ZCTA5 95956,57188,29736
8600000US95957,95957,ZCTA5 95957,60417,20290
8600000US95959,95959,ZCTA5 95959,59446,5474
8600000US95960,95960,ZCTA5 95960,37500,20764
8600000US95961,95961,ZCTA5 95961,48416,2890
8600000US95962,95962,ZCTA5 95962,54853,34271
8600000US95963,95963,ZCTA5 95963,41048,4006
8600000US95965,95965,ZCTA5 95965,33640,3084
8600000US95966,95966,ZCTA5 95966,41678,1511
8600000US95968,95968,ZCTA5 95968,32500,19140
8600000US95969,95969,ZCTA5 95969,47379,4456
8600000US95970,95970,ZCTA5 95970,47500,4490
8600000US95971,95971,ZCTA5 95971,50867,2702
8600000US95973,95973,ZCTA5 95973,57515,4519
8600000US95974,95974,ZCTA5 95974,-,**
8600000US95975,95975,ZCTA5 95975,65221,37441
8600000US95977,95977,ZCTA5 95977,40313,32307
8600000US95978,95978,ZCTA5 95978,-,**
8600000US95979,95979,ZCTA5 95979,41471,9374
8600000US95981,95981,ZCTA5 95981,-,**
8600000US95982,95982,ZCTA5 95982,77614,19611
8600000US95983,95983,ZCTA5 95983,76136,46519
8600000US95984,95984,ZCTA5 95984,-,**
8600000US95986,95986,ZCTA5 95986,-,**
8600000US95987,95987,ZCTA5 95987,57642,4443
8600000US95988,95988,ZCTA5 95988,46830,11426
8600000US95991,95991,ZCTA5 95991,43939,2770
8600000US95993,95993,ZCTA5 95993,65044,2643
8600000US96001,96001,ZCTA5 96001,45694,2451
8600000US96002,96002,ZCTA5 96002,44721,1909
8600000US96003,96003,ZCTA5 96003,47753,2371
8600000US96006,96006,ZCTA5 96006,71094,22319
8600000US96007,96007,ZCTA5 96007,39542,3287
8600000US96008,96008,ZCTA5 96008,60528,8268
8600000US96009,96009,ZCTA5 96009,56750,14497
8600000US96010,96010,ZCTA5 96010,36250,12443
8600000US96011,96011,ZCTA5 96011,17083,14696
8600000US96013,96013,ZCTA5 96013,36604,6279
8600000US96014,96014,ZCTA5 96014,-,**
8600000US96015,96015,ZCTA5 96015,40786,16893
8600000US96016,96016,ZCTA5 96016,-,**
8600000US96017,96017,ZCTA5 96017,38750,9151
8600000US96019,96019,ZCTA5 96019,46394,4007
8600000US96020,96020,ZCTA5 96020,51083,9696
8600000US96021,96021,ZCTA5 96021,40209,3216
8600000US96022,96022,ZCTA5 96022,53331,5375
8600000US96023,96023,ZCTA5 96023,29176,1900
8600000US96024,96024,ZCTA5 96024,38056,7836
8600000US96025,96025,ZCTA5 96025,33200,6078
8600000US96027,96027,ZCTA5 96027,47267,3434
8600000US96028,96028,ZCTA5 96028,35948,7723
8600000US96029,96029,ZCTA5 96029,32375,17627
8600000US96031,96031,ZCTA5 96031,25417,9555
8600000US96032,96032,ZCTA5 96032,46719,5604
8600000US96033,96033,ZCTA5 96033,34167,7808
8600000US96034,96034,ZCTA5 96034,31667,20666
8600000US96035,96035,ZCTA5 96035,38495,8525
8600000US96037,96037,ZCTA5 96037,-,**
8600000US96038,96038,ZCTA5 96038,34583,20413
8600000US96039,96039,ZCTA5 96039,28661,9401
8600000US96040,96040,ZCTA5 96040,48083,29154
8600000US96041,96041,ZCTA5 96041,23724,5628
8600000US96044,96044,ZCTA5 96044,35000,5674
8600000US96046,96046,ZCTA5 96046,-,**
8600000US96047,96047,ZCTA5 96047,41071,15553
8600000US96048,96048,ZCTA5 96048,49205,8289
8600000US96049,96049,ZCTA5 96049,53000,35677
8600000US96050,96050,ZCTA5 96050,32500,10215
8600000US96051,96051,ZCTA5 96051,42500,11700
8600000US96052,96052,ZCTA5 96052,34046,8897
8600000US96054,96054,ZCTA5 96054,28906,17027
8600000US96055,96055,ZCTA5 96055,40517,6045
8600000US96056,96056,ZCTA5 96056,56273,11018
8600000US96057,96057,ZCTA5 96057,40729,8513
8600000US96058,96058,ZCTA5 96058,35500,6913
8600000US96059,96059,ZCTA5 96059,29554,8999
8600000US96061,96061,ZCTA5 96061,100417,43285
8600000US96062,96062,ZCTA5 96062,62500,15029
8600000US96063,96063,ZCTA5 96063,54625,8742
8600000US96064,96064,ZCTA5 96064,43664,3516
8600000US96065,96065,ZCTA5 96065,42813,21124
8600000US96067,96067,ZCTA5 96067,38848,14255
8600000US96068,96068,ZCTA5 96068,-,**
8600000US96069,96069,ZCTA5 96069,43938,12284
8600000US96071,96071,ZCTA5 96071,37061,4897
8600000US96073,96073,ZCTA5 96073,79528,5097
8600000US96074,96074,ZCTA5 96074,38250,12640
8600000US96075,96075,ZCTA5 96075,27500,10105
8600000US96076,96076,ZCTA5 96076,-,**
8600000US96080,96080,ZCTA5 96080,37610,3137
8600000US96084,96084,ZCTA5 96084,44219,16737
8600000US96085,96085,ZCTA5 96085,86875,30851
8600000US96086,96086,ZCTA5 96086,24375,16268
8600000US96087,96087,ZCTA5 96087,33393,12109
8600000US96088,96088,ZCTA5 96088,44664,4502
8600000US96090,96090,ZCTA5 96090,45000,14850
8600000US96091,96091,ZCTA5 96091,45000,14674
8600000US96092,96092,ZCTA5 96092,-,**
8600000US96093,96093,ZCTA5 96093,39554,9836
8600000US96094,96094,ZCTA5 96094,48750,4040
8600000US96096,96096,ZCTA5 96096,56667,23050
8600000US96097,96097,ZCTA5 96097,32280,4541
8600000US96101,96101,ZCTA5 96101,39123,7377
8600000US96103,96103,ZCTA5 96103,56429,9304
8600000US96104,96104,ZCTA5 96104,52857,15291
8600000US96105,96105,ZCTA5 96105,44018,8553
8600000US96106,96106,ZCTA5 96106,81696,29056
8600000US96107,96107,ZCTA5 96107,41875,17301
8600000US96108,96108,ZCTA5 96108,-,**
8600000US96109,96109,ZCTA5 96109,34464,19737
8600000US96110,96110,ZCTA5 96110,47500,22100
8600000US96111,96111,ZCTA5 96111,34297,24145
8600000US96112,96112,ZCTA5 96112,26250,24140
8600000US96113,96113,ZCTA5 96113,46042,3689
8600000US96114,96114,ZCTA5 96114,70806,7939
8600000US96115,96115,ZCTA5 96115,53462,46530
8600000US96116,96116,ZCTA5 96116,-,**
8600000US96117,96117,ZCTA5 96117,31118,18217
8600000US96118,96118,ZCTA5 96118,46058,11300
8600000US96119,96119,ZCTA5 96119,-,**
8600000US96120,96120,ZCTA5 96120,61000,6233
8600000US96121,96121,ZCTA5 96121,125375,27821
8600000US96122,96122,ZCTA5 96122,35652,11681
8600000US96123,96123,ZCTA5 96123,33333,9255
8600000US96124,96124,ZCTA5 96124,41304,29742
8600000US96125,96125,ZCTA5 96125,156125,33578
8600000US96126,96126,ZCTA5 96126,-,**
8600000US96128,96128,ZCTA5 96128,64063,39867
8600000US96129,96129,ZCTA5 96129,"250,000+",***
8600000US96130,96130,ZCTA5 96130,52459,2556
8600000US96132,96132,ZCTA5 96132,40000,26689
8600000US96133,96133,ZCTA5 96133,21635,4118
8600000US96134,96134,ZCTA5 96134,37462,5334
8600000US96135,96135,ZCTA5 96135,-,**
8600000US96136,96136,ZCTA5 96136,-,**
8600000US96137,96137,ZCTA5 96137,44627,9342
8600000US96140,96140,ZCTA5 96140,86953,37994
8600000US96141,96141,ZCTA5 96141,53077,9803
8600000US96142,96142,ZCTA5 96142,44420,26013
8600000US96143,96143,ZCTA5 96143,47197,11746
8600000US96145,96145,ZCTA5 96145,68015,13926
8600000US96146,96146,ZCTA5 96146,56719,28335
8600000US96148,96148,ZCTA5 96148,52672,15057
8600000US96150,96150,ZCTA5 96150,51400,3123
8600000US96155,96155,ZCTA5 96155,-,**
8600000US96161,96161,ZCTA5 96161,79457,9716
8600000US97520,97520,ZCTA5 97520,47892,4205
8600000US97603,97603,ZCTA5 97603,46177,2150
8600000US97623,97623,ZCTA5 97623,39669,5013
8600000US97632,97632,ZCTA5 97632,38558,12583
8600000US97633,97633,ZCTA5 97633,40772,6947
8600000US97635,97635,ZCTA5 97635,35060,23168
